timestamp_cet,event,residence_id,name,housing_type,price_text,price_min_eur,price_max_eur,surface_text,surface_min_m2,surface_max_m2,details,address,link,source_url,first_seen_cet,last_seen_cet
2026-07-07T20:30:40+01:00,added,cf584d2491a9268b,RENE MARAN,"Individuel, Colocation, Couple",de 300 à 600 €,300,600,"de 21,3 à 29,8 m²",21.3,29.8,"de 21,3 à 29,8 m² | Individuel, Colocation, Couple | 2 lits rapprochables | WC, Douche, Evier + plaque, Frigo, Micro-onde, Balcon",5 Allée Maine de Biran 33600 PESSAC,https://trouverunlogement.lescrous.fr/tools/47/accommodations/3281,https://trouverunlogement.lescrous.fr/tools/47/search?bounds=-0.7587897_44.8225797_-0.6029478_44.749435&locationName=Pessac+%2833600%29,2026-07-07T20:30:40+01:00,2026-07-07T20:30:40+01:00
2026-07-07T20:33:14+01:00,removed,cf584d2491a9268b,RENE MARAN,"Individuel, Colocation, Couple",de 300 à 600 €,300,600,"de 21,3 à 29,8 m²",21.3,29.8,"de 21,3 à 29,8 m² | Individuel, Colocation, Couple | 2 lits rapprochables | WC, Douche, Evier + plaque, Frigo, Micro-onde, Balcon",5 Allée Maine de Biran 33600 PESSAC,https://trouverunlogement.lescrous.fr/tools/47/accommodations/3281,https://trouverunlogement.lescrous.fr/tools/47/search?bounds=-0.7587897_44.8225797_-0.6029478_44.749435&locationName=Pessac+%2833600%29,2026-07-07T20:30:40+01:00,2026-07-07T20:30:40+01:00
2026-07-07T21:00:38+01:00,added,cf584d2491a9268b,RENE MARAN,"Individuel, Colocation, Couple",de 300 à 600 €,300,600,"de 21,3 à 29,8 m²",21.3,29.8,"de 21,3 à 29,8 m² | Individuel, Colocation, Couple | 2 lits rapprochables | WC, Douche, Evier + plaque, Frigo, Micro-onde, Balcon",5 Allée Maine de Biran 33600 PESSAC,https://trouverunlogement.lescrous.fr/tools/47/accommodations/3281,https://trouverunlogement.lescrous.fr/tools/47/search?bounds=-0.7587897_44.8225797_-0.6029478_44.749435&locationName=Pessac+%2833600%29,2026-07-07T21:00:38+01:00,2026-07-07T21:00:38+01:00
2026-07-07T21:00:38+01:00,added,9954df5434ea5ed4,VICTOIRE,"Individuel, Colocation, Couple","de 351,32 à 702,66 €",351.32,702.66,"de 35,76 à 37,12 m²",35.76,37.12,"de 35,76 à 37,12 m² | Individuel, Colocation, Couple | 2 lits rapprochables | WC, Douche, Evier + plaque, Frigo",42 rue Sauteyron 33000 BORDEAUX,https://trouverunlogement.lescrous.fr/tools/47/accommodations/806,https://trouverunlogement.lescrous.fr/tools/47/search?bounds=-0.6386987_44.9161806_-0.5336838_44.8107826&locationName=Bordeaux,2026-07-07T21:00:38+01:00,2026-07-07T21:00:38+01:00
2026-07-07T21:03:24+01:00,removed,cf584d2491a9268b,RENE MARAN,"Individuel, Colocation, Couple",de 300 à 600 €,300,600,"de 21,3 à 29,8 m²",21.3,29.8,"de 21,3 à 29,8 m² | Individuel, Colocation, Couple | 2 lits rapprochables | WC, Douche, Evier + plaque, Frigo, Micro-onde, Balcon",5 Allée Maine de Biran 33600 PESSAC,https://trouverunlogement.lescrous.fr/tools/47/accommodations/3281,https://trouverunlogement.lescrous.fr/tools/47/search?bounds=-0.7587897_44.8225797_-0.6029478_44.749435&locationName=Pessac+%2833600%29,2026-07-07T21:00:38+01:00,2026-07-07T21:00:38+01:00
2026-07-07T21:03:24+01:00,removed,9954df5434ea5ed4,VICTOIRE,"Individuel, Colocation, Couple","de 351,32 à 702,66 €",351.32,702.66,"de 35,76 à 37,12 m²",35.76,37.12,"de 35,76 à 37,12 m² | Individuel, Colocation, Couple | 2 lits rapprochables | WC, Douche, Evier + plaque, Frigo",42 rue Sauteyron 33000 BORDEAUX,https://trouverunlogement.lescrous.fr/tools/47/accommodations/806,https://trouverunlogement.lescrous.fr/tools/47/search?bounds=-0.6386987_44.9161806_-0.5336838_44.8107826&locationName=Bordeaux,2026-07-07T21:00:38+01:00,2026-07-07T21:00:38+01:00
2026-07-07T21:06:16+01:00,added,9954df5434ea5ed4,VICTOIRE,"Individuel, Colocation, Couple","de 351,32 à 702,66 €",351.32,702.66,"de 35,76 à 37,12 m²",35.76,37.12,"de 35,76 à 37,12 m² | Individuel, Colocation, Couple | 2 lits rapprochables | WC, Douche, Evier + plaque, Frigo",42 rue Sauteyron 33000 BORDEAUX,https://trouverunlogement.lescrous.fr/tools/47/accommodations/806,https://trouverunlogement.lescrous.fr/tools/47/search?bounds=-0.6386987_44.9161806_-0.5336838_44.8107826&locationName=Bordeaux,2026-07-07T21:06:16+01:00,2026-07-07T21:06:16+01:00
2026-07-07T21:09:15+01:00,removed,9954df5434ea5ed4,VICTOIRE,"Individuel, Colocation, Couple","de 351,32 à 702,66 €",351.32,702.66,"de 35,76 à 37,12 m²",35.76,37.12,"de 35,76 à 37,12 m² | Individuel, Colocation, Couple | 2 lits rapprochables | WC, Douche, Evier + plaque, Frigo",42 rue Sauteyron 33000 BORDEAUX,https://trouverunlogement.lescrous.fr/tools/47/accommodations/806,https://trouverunlogement.lescrous.fr/tools/47/search?bounds=-0.6386987_44.9161806_-0.5336838_44.8107826&locationName=Bordeaux,2026-07-07T21:06:16+01:00,2026-07-07T21:06:16+01:00
2026-07-07T21:12:16+01:00,added,9954df5434ea5ed4,VICTOIRE,"Individuel, Colocation, Couple","de 351,32 à 702,66 €",351.32,702.66,"de 35,76 à 37,12 m²",35.76,37.12,"de 35,76 à 37,12 m² | Individuel, Colocation, Couple | 2 lits rapprochables | WC, Douche, Evier + plaque, Frigo",42 rue Sauteyron 33000 BORDEAUX,https://trouverunlogement.lescrous.fr/tools/47/accommodations/806,https://trouverunlogement.lescrous.fr/tools/47/search?bounds=-0.6386987_44.9161806_-0.5336838_44.8107826&locationName=Bordeaux,2026-07-07T21:12:16+01:00,2026-07-07T21:12:16+01:00
2026-07-07T21:15:13+01:00,removed,9954df5434ea5ed4,VICTOIRE,"Individuel, Colocation, Couple","de 351,32 à 702,66 €",351.32,702.66,"de 35,76 à 37,12 m²",35.76,37.12,"de 35,76 à 37,12 m² | Individuel, Colocation, Couple | 2 lits rapprochables | WC, Douche, Evier + plaque, Frigo",42 rue Sauteyron 33000 BORDEAUX,https://trouverunlogement.lescrous.fr/tools/47/accommodations/806,https://trouverunlogement.lescrous.fr/tools/47/search?bounds=-0.6386987_44.9161806_-0.5336838_44.8107826&locationName=Bordeaux,2026-07-07T21:12:16+01:00,2026-07-07T21:12:16+01:00
2026-07-07T21:21:11+01:00,added,cf584d2491a9268b,RENE MARAN,"Individuel, Colocation, Couple",de 300 à 600 €,300,600,"de 21,3 à 29,8 m²",21.3,29.8,"de 21,3 à 29,8 m² | Individuel, Colocation, Couple | 2 lits rapprochables | WC, Douche, Evier + plaque, Frigo, Micro-onde, Balcon",5 Allée Maine de Biran 33600 PESSAC,https://trouverunlogement.lescrous.fr/tools/47/accommodations/3281,https://trouverunlogement.lescrous.fr/tools/47/search?bounds=-0.7587897_44.8225797_-0.6029478_44.749435&locationName=Pessac+%2833600%29,2026-07-07T21:21:11+01:00,2026-07-07T21:21:11+01:00
2026-07-07T21:21:11+01:00,added,9954df5434ea5ed4,VICTOIRE,"Individuel, Colocation, Couple","de 351,32 à 702,66 €",351.32,702.66,"de 35,76 à 37,12 m²",35.76,37.12,"de 35,76 à 37,12 m² | Individuel, Colocation, Couple | 2 lits rapprochables | WC, Douche, Evier + plaque, Frigo",42 rue Sauteyron 33000 BORDEAUX,https://trouverunlogement.lescrous.fr/tools/47/accommodations/806,https://trouverunlogement.lescrous.fr/tools/47/search?bounds=-0.6386987_44.9161806_-0.5336838_44.8107826&locationName=Bordeaux,2026-07-07T21:21:11+01:00,2026-07-07T21:21:11+01:00
2026-07-07T21:24:14+01:00,removed,cf584d2491a9268b,RENE MARAN,"Individuel, Colocation, Couple",de 300 à 600 €,300,600,"de 21,3 à 29,8 m²",21.3,29.8,"de 21,3 à 29,8 m² | Individuel, Colocation, Couple | 2 lits rapprochables | WC, Douche, Evier + plaque, Frigo, Micro-onde, Balcon",5 Allée Maine de Biran 33600 PESSAC,https://trouverunlogement.lescrous.fr/tools/47/accommodations/3281,https://trouverunlogement.lescrous.fr/tools/47/search?bounds=-0.7587897_44.8225797_-0.6029478_44.749435&locationName=Pessac+%2833600%29,2026-07-07T21:21:11+01:00,2026-07-07T21:21:11+01:00
2026-07-07T21:24:14+01:00,removed,9954df5434ea5ed4,VICTOIRE,"Individuel, Colocation, Couple","de 351,32 à 702,66 €",351.32,702.66,"de 35,76 à 37,12 m²",35.76,37.12,"de 35,76 à 37,12 m² | Individuel, Colocation, Couple | 2 lits rapprochables | WC, Douche, Evier + plaque, Frigo",42 rue Sauteyron 33000 BORDEAUX,https://trouverunlogement.lescrous.fr/tools/47/accommodations/806,https://trouverunlogement.lescrous.fr/tools/47/search?bounds=-0.6386987_44.9161806_-0.5336838_44.8107826&locationName=Bordeaux,2026-07-07T21:21:11+01:00,2026-07-07T21:21:11+01:00
2026-07-07T21:39:16+01:00,added,9954df5434ea5ed4,VICTOIRE,"Individuel, Colocation, Couple","de 351,32 à 702,66 €",351.32,702.66,"de 35,76 à 37,12 m²",35.76,37.12,"de 35,76 à 37,12 m² | Individuel, Colocation, Couple | 2 lits rapprochables | WC, Douche, Evier + plaque, Frigo",42 rue Sauteyron 33000 BORDEAUX,https://trouverunlogement.lescrous.fr/tools/47/accommodations/806,https://trouverunlogement.lescrous.fr/tools/47/search?bounds=-0.6386987_44.9161806_-0.5336838_44.8107826&locationName=Bordeaux,2026-07-07T21:39:16+01:00,2026-07-07T21:39:16+01:00
2026-07-07T21:42:14+01:00,removed,9954df5434ea5ed4,VICTOIRE,"Individuel, Colocation, Couple","de 351,32 à 702,66 €",351.32,702.66,"de 35,76 à 37,12 m²",35.76,37.12,"de 35,76 à 37,12 m² | Individuel, Colocation, Couple | 2 lits rapprochables | WC, Douche, Evier + plaque, Frigo",42 rue Sauteyron 33000 BORDEAUX,https://trouverunlogement.lescrous.fr/tools/47/accommodations/806,https://trouverunlogement.lescrous.fr/tools/47/search?bounds=-0.6386987_44.9161806_-0.5336838_44.8107826&locationName=Bordeaux,2026-07-07T21:39:16+01:00,2026-07-07T21:39:16+01:00
2026-07-07T21:51:16+01:00,added,83acd9306751dde7,BASTIDE,"Colocation, Couple","de 308,72 à 617,42 €",308.72,617.42,"de 29,7 à 51,68 m²",29.7,51.68,"de 29,7 à 51,68 m² | Colocation, Couple | 2 lits rapprochables | Pièce à vivre, WC, Douche, Evier + plaque, Frigo",29 av ABADIE 33100 BORDEAUX,https://trouverunlogement.lescrous.fr/tools/47/accommodations/351,https://trouverunlogement.lescrous.fr/tools/47/search?bounds=-0.6386987_44.9161806_-0.5336838_44.8107826&locationName=Bordeaux,2026-07-07T21:51:16+01:00,2026-07-07T21:51:16+01:00
2026-07-07T21:51:16+01:00,added,9954df5434ea5ed4,VICTOIRE,"Individuel, Colocation, Couple","de 351,32 à 702,66 €",351.32,702.66,"de 35,76 à 37,12 m²",35.76,37.12,"de 35,76 à 37,12 m² | Individuel, Colocation, Couple | 2 lits rapprochables | WC, Douche, Evier + plaque, Frigo",42 rue Sauteyron 33000 BORDEAUX,https://trouverunlogement.lescrous.fr/tools/47/accommodations/806,https://trouverunlogement.lescrous.fr/tools/47/search?bounds=-0.6386987_44.9161806_-0.5336838_44.8107826&locationName=Bordeaux,2026-07-07T21:51:16+01:00,2026-07-07T21:51:16+01:00
2026-07-07T21:57:14+01:00,removed,83acd9306751dde7,BASTIDE,"Colocation, Couple","de 308,72 à 617,42 €",308.72,617.42,"de 29,7 à 51,68 m²",29.7,51.68,"de 29,7 à 51,68 m² | Colocation, Couple | 2 lits rapprochables | Pièce à vivre, WC, Douche, Evier + plaque, Frigo",29 av ABADIE 33100 BORDEAUX,https://trouverunlogement.lescrous.fr/tools/47/accommodations/351,https://trouverunlogement.lescrous.fr/tools/47/search?bounds=-0.6386987_44.9161806_-0.5336838_44.8107826&locationName=Bordeaux,2026-07-07T21:51:16+01:00,2026-07-07T21:51:16+01:00
2026-07-07T21:57:14+01:00,removed,9954df5434ea5ed4,VICTOIRE,"Individuel, Colocation, Couple","de 351,32 à 702,66 €",351.32,702.66,"de 35,76 à 37,12 m²",35.76,37.12,"de 35,76 à 37,12 m² | Individuel, Colocation, Couple | 2 lits rapprochables | WC, Douche, Evier + plaque, Frigo",42 rue Sauteyron 33000 BORDEAUX,https://trouverunlogement.lescrous.fr/tools/47/accommodations/806,https://trouverunlogement.lescrous.fr/tools/47/search?bounds=-0.6386987_44.9161806_-0.5336838_44.8107826&locationName=Bordeaux,2026-07-07T21:51:16+01:00,2026-07-07T21:51:16+01:00
2026-07-07T22:21:12+01:00,added,cf584d2491a9268b,RENE MARAN,"Individuel, Colocation, Couple",de 300 à 600 €,300,600,"de 21,3 à 29,8 m²",21.3,29.8,"de 21,3 à 29,8 m² | Individuel, Colocation, Couple | 2 lits rapprochables | WC, Douche, Evier + plaque, Frigo, Micro-onde, Balcon",5 Allée Maine de Biran 33600 PESSAC,https://trouverunlogement.lescrous.fr/tools/47/accommodations/3281,https://trouverunlogement.lescrous.fr/tools/47/search?bounds=-0.7587897_44.8225797_-0.6029478_44.749435&locationName=Pessac+%2833600%29,2026-07-07T22:21:12+01:00,2026-07-07T22:21:12+01:00
2026-07-07T22:21:12+01:00,added,9954df5434ea5ed4,VICTOIRE,"Individuel, Colocation, Couple","de 351,32 à 702,66 €",351.32,702.66,"de 35,76 à 37,12 m²",35.76,37.12,"de 35,76 à 37,12 m² | Individuel, Colocation, Couple | 2 lits rapprochables | WC, Douche, Evier + plaque, Frigo",42 rue Sauteyron 33000 BORDEAUX,https://trouverunlogement.lescrous.fr/tools/47/accommodations/806,https://trouverunlogement.lescrous.fr/tools/47/search?bounds=-0.6386987_44.9161806_-0.5336838_44.8107826&locationName=Bordeaux,2026-07-07T22:21:12+01:00,2026-07-07T22:21:12+01:00
2026-07-07T22:24:12+01:00,removed,cf584d2491a9268b,RENE MARAN,"Individuel, Colocation, Couple",de 300 à 600 €,300,600,"de 21,3 à 29,8 m²",21.3,29.8,"de 21,3 à 29,8 m² | Individuel, Colocation, Couple | 2 lits rapprochables | WC, Douche, Evier + plaque, Frigo, Micro-onde, Balcon",5 Allée Maine de Biran 33600 PESSAC,https://trouverunlogement.lescrous.fr/tools/47/accommodations/3281,https://trouverunlogement.lescrous.fr/tools/47/search?bounds=-0.7587897_44.8225797_-0.6029478_44.749435&locationName=Pessac+%2833600%29,2026-07-07T22:21:12+01:00,2026-07-07T22:21:12+01:00
2026-07-07T22:24:12+01:00,removed,9954df5434ea5ed4,VICTOIRE,"Individuel, Colocation, Couple","de 351,32 à 702,66 €",351.32,702.66,"de 35,76 à 37,12 m²",35.76,37.12,"de 35,76 à 37,12 m² | Individuel, Colocation, Couple | 2 lits rapprochables | WC, Douche, Evier + plaque, Frigo",42 rue Sauteyron 33000 BORDEAUX,https://trouverunlogement.lescrous.fr/tools/47/accommodations/806,https://trouverunlogement.lescrous.fr/tools/47/search?bounds=-0.6386987_44.9161806_-0.5336838_44.8107826&locationName=Bordeaux,2026-07-07T22:21:12+01:00,2026-07-07T22:21:12+01:00
2026-07-07T22:30:39+01:00,added,cf584d2491a9268b,RENE MARAN,"Individuel, Colocation, Couple",de 300 à 600 €,300,600,"de 21,3 à 29,8 m²",21.3,29.8,"de 21,3 à 29,8 m² | Individuel, Colocation, Couple | 2 lits rapprochables | WC, Douche, Evier + plaque, Frigo, Micro-onde, Balcon",5 Allée Maine de Biran 33600 PESSAC,https://trouverunlogement.lescrous.fr/tools/47/accommodations/3281,https://trouverunlogement.lescrous.fr/tools/47/search?bounds=-0.7587897_44.8225797_-0.6029478_44.749435&locationName=Pessac+%2833600%29,2026-07-07T22:30:39+01:00,2026-07-07T22:30:39+01:00
2026-07-07T22:33:15+01:00,removed,cf584d2491a9268b,RENE MARAN,"Individuel, Colocation, Couple",de 300 à 600 €,300,600,"de 21,3 à 29,8 m²",21.3,29.8,"de 21,3 à 29,8 m² | Individuel, Colocation, Couple | 2 lits rapprochables | WC, Douche, Evier + plaque, Frigo, Micro-onde, Balcon",5 Allée Maine de Biran 33600 PESSAC,https://trouverunlogement.lescrous.fr/tools/47/accommodations/3281,https://trouverunlogement.lescrous.fr/tools/47/search?bounds=-0.7587897_44.8225797_-0.6029478_44.749435&locationName=Pessac+%2833600%29,2026-07-07T22:30:39+01:00,2026-07-07T22:30:39+01:00
2026-07-07T22:36:10+01:00,added,cf584d2491a9268b,RENE MARAN,"Individuel, Colocation, Couple",de 300 à 600 €,300,600,"de 21,3 à 29,8 m²",21.3,29.8,"de 21,3 à 29,8 m² | Individuel, Colocation, Couple | 2 lits rapprochables | WC, Douche, Evier + plaque, Frigo, Micro-onde, Balcon",5 Allée Maine de Biran 33600 PESSAC,https://trouverunlogement.lescrous.fr/tools/47/accommodations/3281,https://trouverunlogement.lescrous.fr/tools/47/search?bounds=-0.7587897_44.8225797_-0.6029478_44.749435&locationName=Pessac+%2833600%29,2026-07-07T22:36:10+01:00,2026-07-07T22:36:10+01:00
2026-07-07T22:36:10+01:00,added,9954df5434ea5ed4,VICTOIRE,"Individuel, Colocation, Couple","de 351,32 à 702,66 €",351.32,702.66,"de 35,76 à 37,12 m²",35.76,37.12,"de 35,76 à 37,12 m² | Individuel, Colocation, Couple | 2 lits rapprochables | WC, Douche, Evier + plaque, Frigo",42 rue Sauteyron 33000 BORDEAUX,https://trouverunlogement.lescrous.fr/tools/47/accommodations/806,https://trouverunlogement.lescrous.fr/tools/47/search?bounds=-0.6386987_44.9161806_-0.5336838_44.8107826&locationName=Bordeaux,2026-07-07T22:36:10+01:00,2026-07-07T22:36:10+01:00
2026-07-07T22:39:16+01:00,removed,cf584d2491a9268b,RENE MARAN,"Individuel, Colocation, Couple",de 300 à 600 €,300,600,"de 21,3 à 29,8 m²",21.3,29.8,"de 21,3 à 29,8 m² | Individuel, Colocation, Couple | 2 lits rapprochables | WC, Douche, Evier + plaque, Frigo, Micro-onde, Balcon",5 Allée Maine de Biran 33600 PESSAC,https://trouverunlogement.lescrous.fr/tools/47/accommodations/3281,https://trouverunlogement.lescrous.fr/tools/47/search?bounds=-0.7587897_44.8225797_-0.6029478_44.749435&locationName=Pessac+%2833600%29,2026-07-07T22:36:10+01:00,2026-07-07T22:36:10+01:00
2026-07-07T22:45:12+01:00,removed,9954df5434ea5ed4,VICTOIRE,"Individuel, Colocation, Couple","de 351,32 à 702,66 €",351.32,702.66,"de 35,76 à 37,12 m²",35.76,37.12,"de 35,76 à 37,12 m² | Individuel, Colocation, Couple | 2 lits rapprochables | WC, Douche, Evier + plaque, Frigo",42 rue Sauteyron 33000 BORDEAUX,https://trouverunlogement.lescrous.fr/tools/47/accommodations/806,https://trouverunlogement.lescrous.fr/tools/47/search?bounds=-0.6386987_44.9161806_-0.5336838_44.8107826&locationName=Bordeaux,2026-07-07T22:36:10+01:00,2026-07-07T22:36:10+01:00
2026-07-07T22:51:13+01:00,added,cf584d2491a9268b,RENE MARAN,"Individuel, Colocation, Couple",de 300 à 600 €,300,600,"de 21,3 à 29,8 m²",21.3,29.8,"de 21,3 à 29,8 m² | Individuel, Colocation, Couple | 2 lits rapprochables | WC, Douche, Evier + plaque, Frigo, Micro-onde, Balcon",5 Allée Maine de Biran 33600 PESSAC,https://trouverunlogement.lescrous.fr/tools/47/accommodations/3281,https://trouverunlogement.lescrous.fr/tools/47/search?bounds=-0.7587897_44.8225797_-0.6029478_44.749435&locationName=Pessac+%2833600%29,2026-07-07T22:51:13+01:00,2026-07-07T22:51:13+01:00
2026-07-07T22:54:17+01:00,added,9954df5434ea5ed4,VICTOIRE,"Individuel, Colocation, Couple","de 351,32 à 702,66 €",351.32,702.66,"de 35,76 à 37,12 m²",35.76,37.12,"de 35,76 à 37,12 m² | Individuel, Colocation, Couple | 2 lits rapprochables | WC, Douche, Evier + plaque, Frigo",42 rue Sauteyron 33000 BORDEAUX,https://trouverunlogement.lescrous.fr/tools/47/accommodations/806,https://trouverunlogement.lescrous.fr/tools/47/search?bounds=-0.6386987_44.9161806_-0.5336838_44.8107826&locationName=Bordeaux,2026-07-07T22:54:17+01:00,2026-07-07T22:54:17+01:00
2026-07-07T22:57:12+01:00,added,f38597d54d0d396f,VILLAGE 5,Individuel,264 €,264,,"de 11,5 à 12 m²",11.5,12,"de 11,5 à 12 m² | Individuel | 1 lit simple | WC, Douche, Evier + plaque, Frigo",20 avenue de BARDANAC 33600 PESSAC,https://trouverunlogement.lescrous.fr/tools/47/accommodations/700,https://trouverunlogement.lescrous.fr/tools/47/search?bounds=-0.7587897_44.8225797_-0.6029478_44.749435&locationName=Pessac+%2833600%29,2026-07-07T22:57:12+01:00,2026-07-07T22:57:12+01:00
2026-07-07T22:57:12+01:00,removed,9954df5434ea5ed4,VICTOIRE,"Individuel, Colocation, Couple","de 351,32 à 702,66 €",351.32,702.66,"de 35,76 à 37,12 m²",35.76,37.12,"de 35,76 à 37,12 m² | Individuel, Colocation, Couple | 2 lits rapprochables | WC, Douche, Evier + plaque, Frigo",42 rue Sauteyron 33000 BORDEAUX,https://trouverunlogement.lescrous.fr/tools/47/accommodations/806,https://trouverunlogement.lescrous.fr/tools/47/search?bounds=-0.6386987_44.9161806_-0.5336838_44.8107826&locationName=Bordeaux,2026-07-07T22:54:17+01:00,2026-07-07T22:54:17+01:00
2026-07-07T23:03:12+01:00,removed,f38597d54d0d396f,VILLAGE 5,Individuel,264 €,264,,"de 11,5 à 12 m²",11.5,12,"de 11,5 à 12 m² | Individuel | 1 lit simple | WC, Douche, Evier + plaque, Frigo",20 avenue de BARDANAC 33600 PESSAC,https://trouverunlogement.lescrous.fr/tools/47/accommodations/700,https://trouverunlogement.lescrous.fr/tools/47/search?bounds=-0.7587897_44.8225797_-0.6029478_44.749435&locationName=Pessac+%2833600%29,2026-07-07T22:57:12+01:00,2026-07-07T22:57:12+01:00
2026-07-07T23:12:12+01:00,removed,cf584d2491a9268b,RENE MARAN,"Individuel, Colocation, Couple",de 300 à 600 €,300,600,"de 21,3 à 29,8 m²",21.3,29.8,"de 21,3 à 29,8 m² | Individuel, Colocation, Couple | 2 lits rapprochables | WC, Douche, Evier + plaque, Frigo, Micro-onde, Balcon",5 Allée Maine de Biran 33600 PESSAC,https://trouverunlogement.lescrous.fr/tools/47/accommodations/3281,https://trouverunlogement.lescrous.fr/tools/47/search?bounds=-0.7587897_44.8225797_-0.6029478_44.749435&locationName=Pessac+%2833600%29,2026-07-07T22:51:13+01:00,2026-07-07T22:51:13+01:00
2026-07-07T23:15:12+01:00,added,f38597d54d0d396f,VILLAGE 5,Individuel,264 €,264,,"de 11,5 à 12 m²",11.5,12,"de 11,5 à 12 m² | Individuel | 1 lit simple | WC, Douche, Evier + plaque, Frigo",20 avenue de BARDANAC 33600 PESSAC,https://trouverunlogement.lescrous.fr/tools/47/accommodations/700,https://trouverunlogement.lescrous.fr/tools/47/search?bounds=-0.7587897_44.8225797_-0.6029478_44.749435&locationName=Pessac+%2833600%29,2026-07-07T23:15:12+01:00,2026-07-07T23:15:12+01:00
2026-07-07T23:15:12+01:00,added,cf584d2491a9268b,RENE MARAN,"Individuel, Colocation, Couple",de 300 à 600 €,300,600,"de 21,3 à 29,8 m²",21.3,29.8,"de 21,3 à 29,8 m² | Individuel, Colocation, Couple | 2 lits rapprochables | WC, Douche, Evier + plaque, Frigo, Micro-onde, Balcon",5 Allée Maine de Biran 33600 PESSAC,https://trouverunlogement.lescrous.fr/tools/47/accommodations/3281,https://trouverunlogement.lescrous.fr/tools/47/search?bounds=-0.7587897_44.8225797_-0.6029478_44.749435&locationName=Pessac+%2833600%29,2026-07-07T23:15:12+01:00,2026-07-07T23:15:12+01:00
2026-07-07T23:18:10+01:00,added,9954df5434ea5ed4,VICTOIRE,"Individuel, Colocation, Couple","de 351,32 à 702,66 €",351.32,702.66,"de 35,76 à 37,12 m²",35.76,37.12,"de 35,76 à 37,12 m² | Individuel, Colocation, Couple | 2 lits rapprochables | WC, Douche, Evier + plaque, Frigo",42 rue Sauteyron 33000 BORDEAUX,https://trouverunlogement.lescrous.fr/tools/47/accommodations/806,https://trouverunlogement.lescrous.fr/tools/47/search?bounds=-0.6386987_44.9161806_-0.5336838_44.8107826&locationName=Bordeaux,2026-07-07T23:18:10+01:00,2026-07-07T23:18:10+01:00
2026-07-07T23:18:10+01:00,removed,f38597d54d0d396f,VILLAGE 5,Individuel,264 €,264,,"de 11,5 à 12 m²",11.5,12,"de 11,5 à 12 m² | Individuel | 1 lit simple | WC, Douche, Evier + plaque, Frigo",20 avenue de BARDANAC 33600 PESSAC,https://trouverunlogement.lescrous.fr/tools/47/accommodations/700,https://trouverunlogement.lescrous.fr/tools/47/search?bounds=-0.7587897_44.8225797_-0.6029478_44.749435&locationName=Pessac+%2833600%29,2026-07-07T23:15:12+01:00,2026-07-07T23:15:12+01:00
2026-07-07T23:21:13+01:00,removed,9954df5434ea5ed4,VICTOIRE,"Individuel, Colocation, Couple","de 351,32 à 702,66 €",351.32,702.66,"de 35,76 à 37,12 m²",35.76,37.12,"de 35,76 à 37,12 m² | Individuel, Colocation, Couple | 2 lits rapprochables | WC, Douche, Evier + plaque, Frigo",42 rue Sauteyron 33000 BORDEAUX,https://trouverunlogement.lescrous.fr/tools/47/accommodations/806,https://trouverunlogement.lescrous.fr/tools/47/search?bounds=-0.6386987_44.9161806_-0.5336838_44.8107826&locationName=Bordeaux,2026-07-07T23:18:10+01:00,2026-07-07T23:18:10+01:00
2026-07-07T23:30:35+01:00,removed,cf584d2491a9268b,RENE MARAN,"Individuel, Colocation, Couple",de 300 à 600 €,300,600,"de 21,3 à 29,8 m²",21.3,29.8,"de 21,3 à 29,8 m² | Individuel, Colocation, Couple | 2 lits rapprochables | WC, Douche, Evier + plaque, Frigo, Micro-onde, Balcon",5 Allée Maine de Biran 33600 PESSAC,https://trouverunlogement.lescrous.fr/tools/47/accommodations/3281,https://trouverunlogement.lescrous.fr/tools/47/search?bounds=-0.7587897_44.8225797_-0.6029478_44.749435&locationName=Pessac+%2833600%29,2026-07-07T23:15:12+01:00,2026-07-07T23:15:12+01:00
2026-07-07T23:33:16+01:00,added,9954df5434ea5ed4,VICTOIRE,"Individuel, Colocation, Couple","de 351,32 à 702,66 €",351.32,702.66,"de 35,76 à 37,12 m²",35.76,37.12,"de 35,76 à 37,12 m² | Individuel, Colocation, Couple | 2 lits rapprochables | WC, Douche, Evier + plaque, Frigo",42 rue Sauteyron 33000 BORDEAUX,https://trouverunlogement.lescrous.fr/tools/47/accommodations/806,https://trouverunlogement.lescrous.fr/tools/47/search?bounds=-0.6386987_44.9161806_-0.5336838_44.8107826&locationName=Bordeaux,2026-07-07T23:33:16+01:00,2026-07-07T23:33:16+01:00
2026-07-07T23:36:23+01:00,added,cf584d2491a9268b,RENE MARAN,"Individuel, Colocation, Couple",de 300 à 600 €,300,600,"de 21,3 à 29,8 m²",21.3,29.8,"de 21,3 à 29,8 m² | Individuel, Colocation, Couple | 2 lits rapprochables | WC, Douche, Evier + plaque, Frigo, Micro-onde, Balcon",5 Allée Maine de Biran 33600 PESSAC,https://trouverunlogement.lescrous.fr/tools/47/accommodations/3281,https://trouverunlogement.lescrous.fr/tools/47/search?bounds=-0.7587897_44.8225797_-0.6029478_44.749435&locationName=Pessac+%2833600%29,2026-07-07T23:36:23+01:00,2026-07-07T23:36:23+01:00
2026-07-07T23:42:13+01:00,added,2de9cd42059c7322,VILLAGE 3,Individuel,264 €,264,,9 m²,9,,"9 m² | Individuel | 1 lit simple | WC, Douche, Frigo",9 Esplanade des Antilles 33600 PESSAC,https://trouverunlogement.lescrous.fr/tools/47/accommodations/2249,https://trouverunlogement.lescrous.fr/tools/47/search?bounds=-0.7587897_44.8225797_-0.6029478_44.749435&locationName=Pessac+%2833600%29,2026-07-07T23:42:13+01:00,2026-07-07T23:42:13+01:00
2026-07-07T23:45:12+01:00,removed,2de9cd42059c7322,VILLAGE 3,Individuel,264 €,264,,9 m²,9,,"9 m² | Individuel | 1 lit simple | WC, Douche, Frigo",9 Esplanade des Antilles 33600 PESSAC,https://trouverunlogement.lescrous.fr/tools/47/accommodations/2249,https://trouverunlogement.lescrous.fr/tools/47/search?bounds=-0.7587897_44.8225797_-0.6029478_44.749435&locationName=Pessac+%2833600%29,2026-07-07T23:42:13+01:00,2026-07-07T23:42:13+01:00
2026-07-07T23:54:13+01:00,removed,9954df5434ea5ed4,VICTOIRE,"Individuel, Colocation, Couple","de 351,32 à 702,66 €",351.32,702.66,"de 35,76 à 37,12 m²",35.76,37.12,"de 35,76 à 37,12 m² | Individuel, Colocation, Couple | 2 lits rapprochables | WC, Douche, Evier + plaque, Frigo",42 rue Sauteyron 33000 BORDEAUX,https://trouverunlogement.lescrous.fr/tools/47/accommodations/806,https://trouverunlogement.lescrous.fr/tools/47/search?bounds=-0.6386987_44.9161806_-0.5336838_44.8107826&locationName=Bordeaux,2026-07-07T23:33:16+01:00,2026-07-07T23:33:16+01:00
2026-07-07T23:57:14+01:00,removed,cf584d2491a9268b,RENE MARAN,"Individuel, Colocation, Couple",de 300 à 600 €,300,600,"de 21,3 à 29,8 m²",21.3,29.8,"de 21,3 à 29,8 m² | Individuel, Colocation, Couple | 2 lits rapprochables | WC, Douche, Evier + plaque, Frigo, Micro-onde, Balcon",5 Allée Maine de Biran 33600 PESSAC,https://trouverunlogement.lescrous.fr/tools/47/accommodations/3281,https://trouverunlogement.lescrous.fr/tools/47/search?bounds=-0.7587897_44.8225797_-0.6029478_44.749435&locationName=Pessac+%2833600%29,2026-07-07T23:36:23+01:00,2026-07-07T23:36:23+01:00
2026-07-08T00:03:13+01:00,added,cf584d2491a9268b,RENE MARAN,"Individuel, Colocation, Couple",de 300 à 600 €,300,600,"de 21,3 à 29,8 m²",21.3,29.8,"de 21,3 à 29,8 m² | Individuel, Colocation, Couple | 2 lits rapprochables | WC, Douche, Evier + plaque, Frigo, Micro-onde, Balcon",5 Allée Maine de Biran 33600 PESSAC,https://trouverunlogement.lescrous.fr/tools/47/accommodations/3281,https://trouverunlogement.lescrous.fr/tools/47/search?bounds=-0.7587897_44.8225797_-0.6029478_44.749435&locationName=Pessac+%2833600%29,2026-07-08T00:03:13+01:00,2026-07-08T00:03:13+01:00
2026-07-08T00:03:13+01:00,added,9954df5434ea5ed4,VICTOIRE,"Individuel, Colocation, Couple","de 351,32 à 702,66 €",351.32,702.66,"de 35,76 à 37,12 m²",35.76,37.12,"de 35,76 à 37,12 m² | Individuel, Colocation, Couple | 2 lits rapprochables | WC, Douche, Evier + plaque, Frigo",42 rue Sauteyron 33000 BORDEAUX,https://trouverunlogement.lescrous.fr/tools/47/accommodations/806,https://trouverunlogement.lescrous.fr/tools/47/search?bounds=-0.6386987_44.9161806_-0.5336838_44.8107826&locationName=Bordeaux,2026-07-08T00:03:13+01:00,2026-07-08T00:03:13+01:00
2026-07-08T00:24:12+01:00,added,2de9cd42059c7322,VILLAGE 3,Individuel,264 €,264,,9 m²,9,,"9 m² | Individuel | 1 lit simple | WC, Douche, Frigo",9 Esplanade des Antilles 33600 PESSAC,https://trouverunlogement.lescrous.fr/tools/47/accommodations/2249,https://trouverunlogement.lescrous.fr/tools/47/search?bounds=-0.7587897_44.8225797_-0.6029478_44.749435&locationName=Pessac+%2833600%29,2026-07-08T00:24:12+01:00,2026-07-08T00:24:12+01:00
2026-07-08T00:27:13+01:00,removed,2de9cd42059c7322,VILLAGE 3,Individuel,264 €,264,,9 m²,9,,"9 m² | Individuel | 1 lit simple | WC, Douche, Frigo",9 Esplanade des Antilles 33600 PESSAC,https://trouverunlogement.lescrous.fr/tools/47/accommodations/2249,https://trouverunlogement.lescrous.fr/tools/47/search?bounds=-0.7587897_44.8225797_-0.6029478_44.749435&locationName=Pessac+%2833600%29,2026-07-08T00:24:12+01:00,2026-07-08T00:24:12+01:00
2026-07-08T00:27:13+01:00,removed,9954df5434ea5ed4,VICTOIRE,"Individuel, Colocation, Couple","de 351,32 à 702,66 €",351.32,702.66,"de 35,76 à 37,12 m²",35.76,37.12,"de 35,76 à 37,12 m² | Individuel, Colocation, Couple | 2 lits rapprochables | WC, Douche, Evier + plaque, Frigo",42 rue Sauteyron 33000 BORDEAUX,https://trouverunlogement.lescrous.fr/tools/47/accommodations/806,https://trouverunlogement.lescrous.fr/tools/47/search?bounds=-0.6386987_44.9161806_-0.5336838_44.8107826&locationName=Bordeaux,2026-07-08T00:03:13+01:00,2026-07-08T00:03:13+01:00
2026-07-08T00:30:37+01:00,added,83acd9306751dde7,BASTIDE,"Colocation, Couple","de 308,72 à 617,42 €",308.72,617.42,"de 29,7 à 51,68 m²",29.7,51.68,"de 29,7 à 51,68 m² | Colocation, Couple | 2 lits rapprochables | Pièce à vivre, WC, Douche, Evier + plaque, Frigo",29 av ABADIE 33100 BORDEAUX,https://trouverunlogement.lescrous.fr/tools/47/accommodations/351,https://trouverunlogement.lescrous.fr/tools/47/search?bounds=-0.6386987_44.9161806_-0.5336838_44.8107826&locationName=Bordeaux,2026-07-08T00:30:37+01:00,2026-07-08T00:30:37+01:00
2026-07-08T00:30:37+01:00,added,9954df5434ea5ed4,VICTOIRE,"Individuel, Colocation, Couple","de 351,32 à 702,66 €",351.32,702.66,"de 35,76 à 37,12 m²",35.76,37.12,"de 35,76 à 37,12 m² | Individuel, Colocation, Couple | 2 lits rapprochables | WC, Douche, Evier + plaque, Frigo",42 rue Sauteyron 33000 BORDEAUX,https://trouverunlogement.lescrous.fr/tools/47/accommodations/806,https://trouverunlogement.lescrous.fr/tools/47/search?bounds=-0.6386987_44.9161806_-0.5336838_44.8107826&locationName=Bordeaux,2026-07-08T00:30:37+01:00,2026-07-08T00:30:37+01:00
2026-07-08T00:36:13+01:00,removed,83acd9306751dde7,BASTIDE,"Colocation, Couple","de 308,72 à 617,42 €",308.72,617.42,"de 29,7 à 51,68 m²",29.7,51.68,"de 29,7 à 51,68 m² | Colocation, Couple | 2 lits rapprochables | Pièce à vivre, WC, Douche, Evier + plaque, Frigo",29 av ABADIE 33100 BORDEAUX,https://trouverunlogement.lescrous.fr/tools/47/accommodations/351,https://trouverunlogement.lescrous.fr/tools/47/search?bounds=-0.6386987_44.9161806_-0.5336838_44.8107826&locationName=Bordeaux,2026-07-08T00:30:37+01:00,2026-07-08T00:30:37+01:00
2026-07-08T00:39:13+01:00,removed,9954df5434ea5ed4,VICTOIRE,"Individuel, Colocation, Couple","de 351,32 à 702,66 €",351.32,702.66,"de 35,76 à 37,12 m²",35.76,37.12,"de 35,76 à 37,12 m² | Individuel, Colocation, Couple | 2 lits rapprochables | WC, Douche, Evier + plaque, Frigo",42 rue Sauteyron 33000 BORDEAUX,https://trouverunlogement.lescrous.fr/tools/47/accommodations/806,https://trouverunlogement.lescrous.fr/tools/47/search?bounds=-0.6386987_44.9161806_-0.5336838_44.8107826&locationName=Bordeaux,2026-07-08T00:30:37+01:00,2026-07-08T00:30:37+01:00
2026-07-08T00:42:12+01:00,added,9954df5434ea5ed4,VICTOIRE,"Individuel, Colocation, Couple","de 351,32 à 702,66 €",351.32,702.66,"de 35,76 à 37,12 m²",35.76,37.12,"de 35,76 à 37,12 m² | Individuel, Colocation, Couple | 2 lits rapprochables | WC, Douche, Evier + plaque, Frigo",42 rue Sauteyron 33000 BORDEAUX,https://trouverunlogement.lescrous.fr/tools/47/accommodations/806,https://trouverunlogement.lescrous.fr/tools/47/search?bounds=-0.6386987_44.9161806_-0.5336838_44.8107826&locationName=Bordeaux,2026-07-08T00:42:12+01:00,2026-07-08T00:42:12+01:00
2026-07-08T00:45:13+01:00,removed,9954df5434ea5ed4,VICTOIRE,"Individuel, Colocation, Couple","de 351,32 à 702,66 €",351.32,702.66,"de 35,76 à 37,12 m²",35.76,37.12,"de 35,76 à 37,12 m² | Individuel, Colocation, Couple | 2 lits rapprochables | WC, Douche, Evier + plaque, Frigo",42 rue Sauteyron 33000 BORDEAUX,https://trouverunlogement.lescrous.fr/tools/47/accommodations/806,https://trouverunlogement.lescrous.fr/tools/47/search?bounds=-0.6386987_44.9161806_-0.5336838_44.8107826&locationName=Bordeaux,2026-07-08T00:42:12+01:00,2026-07-08T00:42:12+01:00
2026-07-08T00:48:14+01:00,added,9954df5434ea5ed4,VICTOIRE,"Individuel, Colocation, Couple","de 351,32 à 702,66 €",351.32,702.66,"de 35,76 à 37,12 m²",35.76,37.12,"de 35,76 à 37,12 m² | Individuel, Colocation, Couple | 2 lits rapprochables | WC, Douche, Evier + plaque, Frigo",42 rue Sauteyron 33000 BORDEAUX,https://trouverunlogement.lescrous.fr/tools/47/accommodations/806,https://trouverunlogement.lescrous.fr/tools/47/search?bounds=-0.6386987_44.9161806_-0.5336838_44.8107826&locationName=Bordeaux,2026-07-08T00:48:14+01:00,2026-07-08T00:48:14+01:00
2026-07-08T00:54:13+01:00,removed,cf584d2491a9268b,RENE MARAN,"Individuel, Colocation, Couple",de 300 à 600 €,300,600,"de 21,3 à 29,8 m²",21.3,29.8,"de 21,3 à 29,8 m² | Individuel, Colocation, Couple | 2 lits rapprochables | WC, Douche, Evier + plaque, Frigo, Micro-onde, Balcon",5 Allée Maine de Biran 33600 PESSAC,https://trouverunlogement.lescrous.fr/tools/47/accommodations/3281,https://trouverunlogement.lescrous.fr/tools/47/search?bounds=-0.7587897_44.8225797_-0.6029478_44.749435&locationName=Pessac+%2833600%29,2026-07-08T00:03:13+01:00,2026-07-08T00:03:13+01:00
2026-07-08T00:54:13+01:00,removed,9954df5434ea5ed4,VICTOIRE,"Individuel, Colocation, Couple","de 351,32 à 702,66 €",351.32,702.66,"de 35,76 à 37,12 m²",35.76,37.12,"de 35,76 à 37,12 m² | Individuel, Colocation, Couple | 2 lits rapprochables | WC, Douche, Evier + plaque, Frigo",42 rue Sauteyron 33000 BORDEAUX,https://trouverunlogement.lescrous.fr/tools/47/accommodations/806,https://trouverunlogement.lescrous.fr/tools/47/search?bounds=-0.6386987_44.9161806_-0.5336838_44.8107826&locationName=Bordeaux,2026-07-08T00:48:14+01:00,2026-07-08T00:48:14+01:00
2026-07-08T00:57:11+01:00,added,cf584d2491a9268b,RENE MARAN,"Individuel, Colocation, Couple",de 300 à 600 €,300,600,"de 21,3 à 29,8 m²",21.3,29.8,"de 21,3 à 29,8 m² | Individuel, Colocation, Couple | 2 lits rapprochables | WC, Douche, Evier + plaque, Frigo, Micro-onde, Balcon",5 Allée Maine de Biran 33600 PESSAC,https://trouverunlogement.lescrous.fr/tools/47/accommodations/3281,https://trouverunlogement.lescrous.fr/tools/47/search?bounds=-0.7587897_44.8225797_-0.6029478_44.749435&locationName=Pessac+%2833600%29,2026-07-08T00:57:11+01:00,2026-07-08T00:57:11+01:00
2026-07-08T00:57:11+01:00,added,9954df5434ea5ed4,VICTOIRE,"Individuel, Colocation, Couple","de 351,32 à 702,66 €",351.32,702.66,"de 35,76 à 37,12 m²",35.76,37.12,"de 35,76 à 37,12 m² | Individuel, Colocation, Couple | 2 lits rapprochables | WC, Douche, Evier + plaque, Frigo",42 rue Sauteyron 33000 BORDEAUX,https://trouverunlogement.lescrous.fr/tools/47/accommodations/806,https://trouverunlogement.lescrous.fr/tools/47/search?bounds=-0.6386987_44.9161806_-0.5336838_44.8107826&locationName=Bordeaux,2026-07-08T00:57:11+01:00,2026-07-08T00:57:11+01:00
2026-07-08T01:00:39+01:00,removed,cf584d2491a9268b,RENE MARAN,"Individuel, Colocation, Couple",de 300 à 600 €,300,600,"de 21,3 à 29,8 m²",21.3,29.8,"de 21,3 à 29,8 m² | Individuel, Colocation, Couple | 2 lits rapprochables | WC, Douche, Evier + plaque, Frigo, Micro-onde, Balcon",5 Allée Maine de Biran 33600 PESSAC,https://trouverunlogement.lescrous.fr/tools/47/accommodations/3281,https://trouverunlogement.lescrous.fr/tools/47/search?bounds=-0.7587897_44.8225797_-0.6029478_44.749435&locationName=Pessac+%2833600%29,2026-07-08T00:57:11+01:00,2026-07-08T00:57:11+01:00
2026-07-08T01:03:12+01:00,added,cf584d2491a9268b,RENE MARAN,"Individuel, Colocation, Couple",de 300 à 600 €,300,600,"de 21,3 à 29,8 m²",21.3,29.8,"de 21,3 à 29,8 m² | Individuel, Colocation, Couple | 2 lits rapprochables | WC, Douche, Evier + plaque, Frigo, Micro-onde, Balcon",5 Allée Maine de Biran 33600 PESSAC,https://trouverunlogement.lescrous.fr/tools/47/accommodations/3281,https://trouverunlogement.lescrous.fr/tools/47/search?bounds=-0.7587897_44.8225797_-0.6029478_44.749435&locationName=Pessac+%2833600%29,2026-07-08T01:03:12+01:00,2026-07-08T01:03:12+01:00
2026-07-08T01:24:14+01:00,removed,9954df5434ea5ed4,VICTOIRE,"Individuel, Colocation, Couple","de 351,32 à 702,66 €",351.32,702.66,"de 35,76 à 37,12 m²",35.76,37.12,"de 35,76 à 37,12 m² | Individuel, Colocation, Couple | 2 lits rapprochables | WC, Douche, Evier + plaque, Frigo",42 rue Sauteyron 33000 BORDEAUX,https://trouverunlogement.lescrous.fr/tools/47/accommodations/806,https://trouverunlogement.lescrous.fr/tools/47/search?bounds=-0.6386987_44.9161806_-0.5336838_44.8107826&locationName=Bordeaux,2026-07-08T00:57:11+01:00,2026-07-08T00:57:11+01:00
2026-07-08T01:27:11+01:00,added,9954df5434ea5ed4,VICTOIRE,"Individuel, Colocation, Couple","de 351,32 à 702,66 €",351.32,702.66,"de 35,76 à 37,12 m²",35.76,37.12,"de 35,76 à 37,12 m² | Individuel, Colocation, Couple | 2 lits rapprochables | WC, Douche, Evier + plaque, Frigo",42 rue Sauteyron 33000 BORDEAUX,https://trouverunlogement.lescrous.fr/tools/47/accommodations/806,https://trouverunlogement.lescrous.fr/tools/47/search?bounds=-0.6386987_44.9161806_-0.5336838_44.8107826&locationName=Bordeaux,2026-07-08T01:27:11+01:00,2026-07-08T01:27:11+01:00
2026-07-08T06:54:10+01:00,added,faaae04ffafe2023,JOSEPHINE BAKER,Individuel,"397,55 €",397.55,,16 m²,16,,"16 m² | Individuel | 1 lit simple | WC, Douche, Evier + plaque, Frigo",8 Rue Lucie Aubrac 33600 PESSAC,https://trouverunlogement.lescrous.fr/tools/47/accommodations/330,https://trouverunlogement.lescrous.fr/tools/47/search?bounds=-0.6471483_44.7938687_-0.5854508_44.7423986&locationName=Gradignan+%2833170%29 | https://trouverunlogement.lescrous.fr/tools/47/search?bounds=-0.7587897_44.8225797_-0.6029478_44.749435&locationName=Pessac+%2833600%29,2026-07-08T06:54:10+01:00,2026-07-08T06:54:10+01:00
2026-07-08T07:00:40+01:00,added,9cd1ae8927f0637c,VILLAGE 2,Individuel,264 €,264,,"de 9,5 à 11,8 m²",9.5,11.8,"de 9,5 à 11,8 m² | Individuel | 1 lit simple | WC, Douche, Evier + plaque, Frigo",7 avenue PEY BERLAND 33600 PESSAC,https://trouverunlogement.lescrous.fr/tools/47/accommodations/1902,https://trouverunlogement.lescrous.fr/tools/47/search?bounds=-0.7569779_44.8627846_-0.6069396_44.7998378&locationName=Mérignac+%2833700%29 | https://trouverunlogement.lescrous.fr/tools/47/search?bounds=-0.7587897_44.8225797_-0.6029478_44.749435&locationName=Pessac+%2833600%29,2026-07-08T07:00:40+01:00,2026-07-08T07:00:40+01:00
2026-07-08T07:03:16+01:00,removed,9cd1ae8927f0637c,VILLAGE 2,Individuel,264 €,264,,"de 9,5 à 11,8 m²",9.5,11.8,"de 9,5 à 11,8 m² | Individuel | 1 lit simple | WC, Douche, Evier + plaque, Frigo",7 avenue PEY BERLAND 33600 PESSAC,https://trouverunlogement.lescrous.fr/tools/47/accommodations/1902,https://trouverunlogement.lescrous.fr/tools/47/search?bounds=-0.7569779_44.8627846_-0.6069396_44.7998378&locationName=Mérignac+%2833700%29 | https://trouverunlogement.lescrous.fr/tools/47/search?bounds=-0.7587897_44.8225797_-0.6029478_44.749435&locationName=Pessac+%2833600%29,2026-07-08T07:00:40+01:00,2026-07-08T07:00:40+01:00
2026-07-08T07:03:16+01:00,removed,cf584d2491a9268b,RENE MARAN,"Individuel, Colocation, Couple",de 300 à 600 €,300,600,"de 21,3 à 29,8 m²",21.3,29.8,"de 21,3 à 29,8 m² | Individuel, Colocation, Couple | 2 lits rapprochables | WC, Douche, Evier + plaque, Frigo, Micro-onde, Balcon",5 Allée Maine de Biran 33600 PESSAC,https://trouverunlogement.lescrous.fr/tools/47/accommodations/3281,https://trouverunlogement.lescrous.fr/tools/47/search?bounds=-0.7587897_44.8225797_-0.6029478_44.749435&locationName=Pessac+%2833600%29,2026-07-08T01:03:12+01:00,2026-07-08T01:03:12+01:00
2026-07-08T07:06:12+01:00,added,cf584d2491a9268b,RENE MARAN,"Individuel, Colocation, Couple",de 300 à 600 €,300,600,"de 21,3 à 29,8 m²",21.3,29.8,"de 21,3 à 29,8 m² | Individuel, Colocation, Couple | 2 lits rapprochables | WC, Douche, Evier + plaque, Frigo, Micro-onde, Balcon",5 Allée Maine de Biran 33600 PESSAC,https://trouverunlogement.lescrous.fr/tools/47/accommodations/3281,https://trouverunlogement.lescrous.fr/tools/47/search?bounds=-0.7587897_44.8225797_-0.6029478_44.749435&locationName=Pessac+%2833600%29,2026-07-08T07:06:12+01:00,2026-07-08T07:06:12+01:00
2026-07-08T07:06:12+01:00,removed,faaae04ffafe2023,JOSEPHINE BAKER,Individuel,"397,55 €",397.55,,16 m²,16,,"16 m² | Individuel | 1 lit simple | WC, Douche, Evier + plaque, Frigo",8 Rue Lucie Aubrac 33600 PESSAC,https://trouverunlogement.lescrous.fr/tools/47/accommodations/330,https://trouverunlogement.lescrous.fr/tools/47/search?bounds=-0.6471483_44.7938687_-0.5854508_44.7423986&locationName=Gradignan+%2833170%29,2026-07-08T06:54:10+01:00,2026-07-08T07:03:16+01:00
2026-07-08T07:09:12+01:00,added,9cd1ae8927f0637c,VILLAGE 2,Individuel,264 €,264,,"de 9,5 à 11,8 m²",9.5,11.8,"de 9,5 à 11,8 m² | Individuel | 1 lit simple | WC, Douche, Evier + plaque, Frigo",7 avenue PEY BERLAND 33600 PESSAC,https://trouverunlogement.lescrous.fr/tools/47/accommodations/1902,https://trouverunlogement.lescrous.fr/tools/47/search?bounds=-0.7569779_44.8627846_-0.6069396_44.7998378&locationName=Mérignac+%2833700%29,2026-07-08T07:09:12+01:00,2026-07-08T07:09:12+01:00
2026-07-08T07:09:12+01:00,added,2de9cd42059c7322,VILLAGE 3,Individuel,264 €,264,,9 m²,9,,"9 m² | Individuel | 1 lit simple | WC, Douche, Frigo",9 Esplanade des Antilles 33600 PESSAC,https://trouverunlogement.lescrous.fr/tools/47/accommodations/2249,https://trouverunlogement.lescrous.fr/tools/47/search?bounds=-0.7587897_44.8225797_-0.6029478_44.749435&locationName=Pessac+%2833600%29,2026-07-08T07:09:12+01:00,2026-07-08T07:09:12+01:00
2026-07-08T07:12:13+01:00,removed,9cd1ae8927f0637c,VILLAGE 2,Individuel,264 €,264,,"de 9,5 à 11,8 m²",9.5,11.8,"de 9,5 à 11,8 m² | Individuel | 1 lit simple | WC, Douche, Evier + plaque, Frigo",7 avenue PEY BERLAND 33600 PESSAC,https://trouverunlogement.lescrous.fr/tools/47/accommodations/1902,https://trouverunlogement.lescrous.fr/tools/47/search?bounds=-0.7569779_44.8627846_-0.6069396_44.7998378&locationName=Mérignac+%2833700%29,2026-07-08T07:09:12+01:00,2026-07-08T07:09:12+01:00
2026-07-08T07:30:35+01:00,removed,2de9cd42059c7322,VILLAGE 3,Individuel,264 €,264,,9 m²,9,,"9 m² | Individuel | 1 lit simple | WC, Douche, Frigo",9 Esplanade des Antilles 33600 PESSAC,https://trouverunlogement.lescrous.fr/tools/47/accommodations/2249,https://trouverunlogement.lescrous.fr/tools/47/search?bounds=-0.7587897_44.8225797_-0.6029478_44.749435&locationName=Pessac+%2833600%29,2026-07-08T07:09:12+01:00,2026-07-08T07:09:12+01:00
2026-07-08T07:30:35+01:00,removed,cf584d2491a9268b,RENE MARAN,"Individuel, Colocation, Couple",de 300 à 600 €,300,600,"de 21,3 à 29,8 m²",21.3,29.8,"de 21,3 à 29,8 m² | Individuel, Colocation, Couple | 2 lits rapprochables | WC, Douche, Evier + plaque, Frigo, Micro-onde, Balcon",5 Allée Maine de Biran 33600 PESSAC,https://trouverunlogement.lescrous.fr/tools/47/accommodations/3281,https://trouverunlogement.lescrous.fr/tools/47/search?bounds=-0.7587897_44.8225797_-0.6029478_44.749435&locationName=Pessac+%2833600%29,2026-07-08T07:06:12+01:00,2026-07-08T07:06:12+01:00
2026-07-08T07:30:35+01:00,removed,9954df5434ea5ed4,VICTOIRE,"Individuel, Colocation, Couple","de 351,32 à 702,66 €",351.32,702.66,"de 35,76 à 37,12 m²",35.76,37.12,"de 35,76 à 37,12 m² | Individuel, Colocation, Couple | 2 lits rapprochables | WC, Douche, Evier + plaque, Frigo",42 rue Sauteyron 33000 BORDEAUX,https://trouverunlogement.lescrous.fr/tools/47/accommodations/806,https://trouverunlogement.lescrous.fr/tools/47/search?bounds=-0.6386987_44.9161806_-0.5336838_44.8107826&locationName=Bordeaux,2026-07-08T01:27:11+01:00,2026-07-08T01:27:11+01:00
2026-07-08T07:33:10+01:00,added,cf584d2491a9268b,RENE MARAN,"Individuel, Colocation, Couple",de 300 à 600 €,300,600,"de 21,3 à 29,8 m²",21.3,29.8,"de 21,3 à 29,8 m² | Individuel, Colocation, Couple | 2 lits rapprochables | WC, Douche, Evier + plaque, Frigo, Micro-onde, Balcon",5 Allée Maine de Biran 33600 PESSAC,https://trouverunlogement.lescrous.fr/tools/47/accommodations/3281,https://trouverunlogement.lescrous.fr/tools/47/search?bounds=-0.7587897_44.8225797_-0.6029478_44.749435&locationName=Pessac+%2833600%29,2026-07-08T07:33:10+01:00,2026-07-08T07:33:10+01:00
2026-07-08T07:33:10+01:00,added,9954df5434ea5ed4,VICTOIRE,"Individuel, Colocation, Couple","de 351,32 à 702,66 €",351.32,702.66,"de 35,76 à 37,12 m²",35.76,37.12,"de 35,76 à 37,12 m² | Individuel, Colocation, Couple | 2 lits rapprochables | WC, Douche, Evier + plaque, Frigo",42 rue Sauteyron 33000 BORDEAUX,https://trouverunlogement.lescrous.fr/tools/47/accommodations/806,https://trouverunlogement.lescrous.fr/tools/47/search?bounds=-0.6386987_44.9161806_-0.5336838_44.8107826&locationName=Bordeaux,2026-07-08T07:33:10+01:00,2026-07-08T07:33:10+01:00
2026-07-08T07:36:15+01:00,removed,cf584d2491a9268b,RENE MARAN,"Individuel, Colocation, Couple",de 300 à 600 €,300,600,"de 21,3 à 29,8 m²",21.3,29.8,"de 21,3 à 29,8 m² | Individuel, Colocation, Couple | 2 lits rapprochables | WC, Douche, Evier + plaque, Frigo, Micro-onde, Balcon",5 Allée Maine de Biran 33600 PESSAC,https://trouverunlogement.lescrous.fr/tools/47/accommodations/3281,https://trouverunlogement.lescrous.fr/tools/47/search?bounds=-0.7587897_44.8225797_-0.6029478_44.749435&locationName=Pessac+%2833600%29,2026-07-08T07:33:10+01:00,2026-07-08T07:33:10+01:00
2026-07-08T07:36:15+01:00,removed,9954df5434ea5ed4,VICTOIRE,"Individuel, Colocation, Couple","de 351,32 à 702,66 €",351.32,702.66,"de 35,76 à 37,12 m²",35.76,37.12,"de 35,76 à 37,12 m² | Individuel, Colocation, Couple | 2 lits rapprochables | WC, Douche, Evier + plaque, Frigo",42 rue Sauteyron 33000 BORDEAUX,https://trouverunlogement.lescrous.fr/tools/47/accommodations/806,https://trouverunlogement.lescrous.fr/tools/47/search?bounds=-0.6386987_44.9161806_-0.5336838_44.8107826&locationName=Bordeaux,2026-07-08T07:33:10+01:00,2026-07-08T07:33:10+01:00
2026-07-08T07:39:11+01:00,added,cf584d2491a9268b,RENE MARAN,"Individuel, Colocation, Couple",de 300 à 600 €,300,600,"de 21,3 à 29,8 m²",21.3,29.8,"de 21,3 à 29,8 m² | Individuel, Colocation, Couple | 2 lits rapprochables | WC, Douche, Evier + plaque, Frigo, Micro-onde, Balcon",5 Allée Maine de Biran 33600 PESSAC,https://trouverunlogement.lescrous.fr/tools/47/accommodations/3281,https://trouverunlogement.lescrous.fr/tools/47/search?bounds=-0.7587897_44.8225797_-0.6029478_44.749435&locationName=Pessac+%2833600%29,2026-07-08T07:39:11+01:00,2026-07-08T07:39:11+01:00
2026-07-08T07:45:14+01:00,added,cfe532b5cafa8037,EMILE DURKHEIM,Individuel,"406,23 €",406.23,,"18,5 m²",18.5,,"18,5 m² | Individuel | 1 lit simple | WC, Douche, Evier + plaque, Frigo",Allée Ausone / Avenue Léon Duguit 33600 PESSAC,https://trouverunlogement.lescrous.fr/tools/47/accommodations/1905,https://trouverunlogement.lescrous.fr/tools/47/search?bounds=-0.7587897_44.8225797_-0.6029478_44.749435&locationName=Pessac+%2833600%29,2026-07-08T07:45:14+01:00,2026-07-08T07:45:14+01:00
2026-07-08T07:48:11+01:00,removed,cf584d2491a9268b,RENE MARAN,"Individuel, Colocation, Couple",de 300 à 600 €,300,600,"de 21,3 à 29,8 m²",21.3,29.8,"de 21,3 à 29,8 m² | Individuel, Colocation, Couple | 2 lits rapprochables | WC, Douche, Evier + plaque, Frigo, Micro-onde, Balcon",5 Allée Maine de Biran 33600 PESSAC,https://trouverunlogement.lescrous.fr/tools/47/accommodations/3281,https://trouverunlogement.lescrous.fr/tools/47/search?bounds=-0.7587897_44.8225797_-0.6029478_44.749435&locationName=Pessac+%2833600%29,2026-07-08T07:39:11+01:00,2026-07-08T07:39:11+01:00
2026-07-08T07:48:11+01:00,removed,cfe532b5cafa8037,EMILE DURKHEIM,Individuel,"406,23 €",406.23,,"18,5 m²",18.5,,"18,5 m² | Individuel | 1 lit simple | WC, Douche, Evier + plaque, Frigo",Allée Ausone / Avenue Léon Duguit 33600 PESSAC,https://trouverunlogement.lescrous.fr/tools/47/accommodations/1905,https://trouverunlogement.lescrous.fr/tools/47/search?bounds=-0.7587897_44.8225797_-0.6029478_44.749435&locationName=Pessac+%2833600%29,2026-07-08T07:45:14+01:00,2026-07-08T07:45:14+01:00
2026-07-08T07:54:16+01:00,added,1137ce31aec2e81b,VILLAGE 1,Individuel,264 €,264,,"de 9,1 à 12,7 m²",9.1,12.7,"de 9,1 à 12,7 m² | Individuel | 1 lit simple | WC, Douche, Evier + plaque, Frigo",AVENUE COLLEGNO 33400 TALENCE,https://trouverunlogement.lescrous.fr/tools/47/accommodations/1660,https://trouverunlogement.lescrous.fr/tools/47/search?bounds=-0.6111634_44.8252468_-0.5726706_44.7868187&locationName=Talence+%2833400%29 | https://trouverunlogement.lescrous.fr/tools/47/search?bounds=-0.7587897_44.8225797_-0.6029478_44.749435&locationName=Pessac+%2833600%29,2026-07-08T07:54:16+01:00,2026-07-08T07:54:16+01:00
2026-07-08T07:54:16+01:00,added,f38597d54d0d396f,VILLAGE 5,Individuel,264 €,264,,"de 11,5 à 12 m²",11.5,12,"de 11,5 à 12 m² | Individuel | 1 lit simple | WC, Douche, Evier + plaque, Frigo",20 avenue de BARDANAC 33600 PESSAC,https://trouverunlogement.lescrous.fr/tools/47/accommodations/700,https://trouverunlogement.lescrous.fr/tools/47/search?bounds=-0.7587897_44.8225797_-0.6029478_44.749435&locationName=Pessac+%2833600%29,2026-07-08T07:54:16+01:00,2026-07-08T07:54:16+01:00
2026-07-08T07:54:16+01:00,added,cf584d2491a9268b,RENE MARAN,"Individuel, Colocation, Couple",de 300 à 600 €,300,600,"de 21,3 à 29,8 m²",21.3,29.8,"de 21,3 à 29,8 m² | Individuel, Colocation, Couple | 2 lits rapprochables | WC, Douche, Evier + plaque, Frigo, Micro-onde, Balcon",5 Allée Maine de Biran 33600 PESSAC,https://trouverunlogement.lescrous.fr/tools/47/accommodations/3281,https://trouverunlogement.lescrous.fr/tools/47/search?bounds=-0.7587897_44.8225797_-0.6029478_44.749435&locationName=Pessac+%2833600%29,2026-07-08T07:54:16+01:00,2026-07-08T07:54:16+01:00
2026-07-08T07:57:11+01:00,added,8a7089e2646c5cbc,VILLAGE 3,Individuel,264 €,264,,9 m²,9,,"9 m² | Individuel | 1 lit simple | WC, Douche, Evier + plaque, Frigo",9 Esplanade des Antilles 33600 PESSAC,https://trouverunlogement.lescrous.fr/tools/47/accommodations/2282,https://trouverunlogement.lescrous.fr/tools/47/search?bounds=-0.7587897_44.8225797_-0.6029478_44.749435&locationName=Pessac+%2833600%29,2026-07-08T07:57:11+01:00,2026-07-08T07:57:11+01:00
2026-07-08T07:57:11+01:00,removed,1137ce31aec2e81b,VILLAGE 1,Individuel,264 €,264,,"de 9,1 à 12,7 m²",9.1,12.7,"de 9,1 à 12,7 m² | Individuel | 1 lit simple | WC, Douche, Evier + plaque, Frigo",AVENUE COLLEGNO 33400 TALENCE,https://trouverunlogement.lescrous.fr/tools/47/accommodations/1660,https://trouverunlogement.lescrous.fr/tools/47/search?bounds=-0.6111634_44.8252468_-0.5726706_44.7868187&locationName=Talence+%2833400%29 | https://trouverunlogement.lescrous.fr/tools/47/search?bounds=-0.7587897_44.8225797_-0.6029478_44.749435&locationName=Pessac+%2833600%29,2026-07-08T07:54:16+01:00,2026-07-08T07:54:16+01:00
2026-07-08T07:57:11+01:00,removed,f38597d54d0d396f,VILLAGE 5,Individuel,264 €,264,,"de 11,5 à 12 m²",11.5,12,"de 11,5 à 12 m² | Individuel | 1 lit simple | WC, Douche, Evier + plaque, Frigo",20 avenue de BARDANAC 33600 PESSAC,https://trouverunlogement.lescrous.fr/tools/47/accommodations/700,https://trouverunlogement.lescrous.fr/tools/47/search?bounds=-0.7587897_44.8225797_-0.6029478_44.749435&locationName=Pessac+%2833600%29,2026-07-08T07:54:16+01:00,2026-07-08T07:54:16+01:00
2026-07-08T08:03:14+01:00,added,9cd1ae8927f0637c,VILLAGE 2,Individuel,264 €,264,,"de 9,5 à 11,8 m²",9.5,11.8,"de 9,5 à 11,8 m² | Individuel | 1 lit simple | WC, Douche, Evier + plaque, Frigo",7 avenue PEY BERLAND 33600 PESSAC,https://trouverunlogement.lescrous.fr/tools/47/accommodations/1902,https://trouverunlogement.lescrous.fr/tools/47/search?bounds=-0.7569779_44.8627846_-0.6069396_44.7998378&locationName=Mérignac+%2833700%29 | https://trouverunlogement.lescrous.fr/tools/47/search?bounds=-0.7587897_44.8225797_-0.6029478_44.749435&locationName=Pessac+%2833600%29,2026-07-08T08:03:14+01:00,2026-07-08T08:03:14+01:00
2026-07-08T08:03:14+01:00,removed,8a7089e2646c5cbc,VILLAGE 3,Individuel,264 €,264,,9 m²,9,,"9 m² | Individuel | 1 lit simple | WC, Douche, Evier + plaque, Frigo",9 Esplanade des Antilles 33600 PESSAC,https://trouverunlogement.lescrous.fr/tools/47/accommodations/2282,https://trouverunlogement.lescrous.fr/tools/47/search?bounds=-0.7587897_44.8225797_-0.6029478_44.749435&locationName=Pessac+%2833600%29,2026-07-08T07:57:11+01:00,2026-07-08T07:57:11+01:00
2026-07-08T08:06:17+01:00,added,cfe532b5cafa8037,EMILE DURKHEIM,Individuel,"406,23 €",406.23,,"18,5 m²",18.5,,"18,5 m² | Individuel | 1 lit simple | WC, Douche, Evier + plaque, Frigo",Allée Ausone / Avenue Léon Duguit 33600 PESSAC,https://trouverunlogement.lescrous.fr/tools/47/accommodations/1905,https://trouverunlogement.lescrous.fr/tools/47/search?bounds=-0.7587897_44.8225797_-0.6029478_44.749435&locationName=Pessac+%2833600%29,2026-07-08T08:06:17+01:00,2026-07-08T08:06:17+01:00
2026-07-08T08:09:12+01:00,removed,cf584d2491a9268b,RENE MARAN,"Individuel, Colocation, Couple",de 300 à 600 €,300,600,"de 21,3 à 29,8 m²",21.3,29.8,"de 21,3 à 29,8 m² | Individuel, Colocation, Couple | 2 lits rapprochables | WC, Douche, Evier + plaque, Frigo, Micro-onde, Balcon",5 Allée Maine de Biran 33600 PESSAC,https://trouverunlogement.lescrous.fr/tools/47/accommodations/3281,https://trouverunlogement.lescrous.fr/tools/47/search?bounds=-0.7587897_44.8225797_-0.6029478_44.749435&locationName=Pessac+%2833600%29,2026-07-08T07:54:16+01:00,2026-07-08T07:54:16+01:00
2026-07-08T08:09:12+01:00,removed,cfe532b5cafa8037,EMILE DURKHEIM,Individuel,"406,23 €",406.23,,"18,5 m²",18.5,,"18,5 m² | Individuel | 1 lit simple | WC, Douche, Evier + plaque, Frigo",Allée Ausone / Avenue Léon Duguit 33600 PESSAC,https://trouverunlogement.lescrous.fr/tools/47/accommodations/1905,https://trouverunlogement.lescrous.fr/tools/47/search?bounds=-0.7587897_44.8225797_-0.6029478_44.749435&locationName=Pessac+%2833600%29,2026-07-08T08:06:17+01:00,2026-07-08T08:06:17+01:00
2026-07-08T08:12:10+01:00,added,cf584d2491a9268b,RENE MARAN,"Individuel, Colocation, Couple",de 300 à 600 €,300,600,"de 21,3 à 29,8 m²",21.3,29.8,"de 21,3 à 29,8 m² | Individuel, Colocation, Couple | 2 lits rapprochables | WC, Douche, Evier + plaque, Frigo, Micro-onde, Balcon",5 Allée Maine de Biran 33600 PESSAC,https://trouverunlogement.lescrous.fr/tools/47/accommodations/3281,https://trouverunlogement.lescrous.fr/tools/47/search?bounds=-0.7587897_44.8225797_-0.6029478_44.749435&locationName=Pessac+%2833600%29,2026-07-08T08:12:10+01:00,2026-07-08T08:12:10+01:00
2026-07-08T08:12:10+01:00,removed,9cd1ae8927f0637c,VILLAGE 2,Individuel,264 €,264,,"de 9,5 à 11,8 m²",9.5,11.8,"de 9,5 à 11,8 m² | Individuel | 1 lit simple | WC, Douche, Evier + plaque, Frigo",7 avenue PEY BERLAND 33600 PESSAC,https://trouverunlogement.lescrous.fr/tools/47/accommodations/1902,https://trouverunlogement.lescrous.fr/tools/47/search?bounds=-0.7569779_44.8627846_-0.6069396_44.7998378&locationName=Mérignac+%2833700%29,2026-07-08T08:03:14+01:00,2026-07-08T08:09:12+01:00
2026-07-08T08:15:14+01:00,removed,cf584d2491a9268b,RENE MARAN,"Individuel, Colocation, Couple",de 300 à 600 €,300,600,"de 21,3 à 29,8 m²",21.3,29.8,"de 21,3 à 29,8 m² | Individuel, Colocation, Couple | 2 lits rapprochables | WC, Douche, Evier + plaque, Frigo, Micro-onde, Balcon",5 Allée Maine de Biran 33600 PESSAC,https://trouverunlogement.lescrous.fr/tools/47/accommodations/3281,https://trouverunlogement.lescrous.fr/tools/47/search?bounds=-0.7587897_44.8225797_-0.6029478_44.749435&locationName=Pessac+%2833600%29,2026-07-08T08:12:10+01:00,2026-07-08T08:12:10+01:00
2026-07-08T08:18:18+01:00,added,cf584d2491a9268b,RENE MARAN,"Individuel, Colocation, Couple",de 300 à 600 €,300,600,"de 21,3 à 29,8 m²",21.3,29.8,"de 21,3 à 29,8 m² | Individuel, Colocation, Couple | 2 lits rapprochables | WC, Douche, Evier + plaque, Frigo, Micro-onde, Balcon",5 Allée Maine de Biran 33600 PESSAC,https://trouverunlogement.lescrous.fr/tools/47/accommodations/3281,https://trouverunlogement.lescrous.fr/tools/47/search?bounds=-0.7587897_44.8225797_-0.6029478_44.749435&locationName=Pessac+%2833600%29,2026-07-08T08:18:18+01:00,2026-07-08T08:18:18+01:00
2026-07-08T08:24:13+01:00,removed,cf584d2491a9268b,RENE MARAN,"Individuel, Colocation, Couple",de 300 à 600 €,300,600,"de 21,3 à 29,8 m²",21.3,29.8,"de 21,3 à 29,8 m² | Individuel, Colocation, Couple | 2 lits rapprochables | WC, Douche, Evier + plaque, Frigo, Micro-onde, Balcon",5 Allée Maine de Biran 33600 PESSAC,https://trouverunlogement.lescrous.fr/tools/47/accommodations/3281,https://trouverunlogement.lescrous.fr/tools/47/search?bounds=-0.7587897_44.8225797_-0.6029478_44.749435&locationName=Pessac+%2833600%29,2026-07-08T08:18:18+01:00,2026-07-08T08:18:18+01:00
2026-07-08T11:06:12+01:00,added,faaae04ffafe2023,JOSEPHINE BAKER,Individuel,"397,55 €",397.55,,16 m²,16,,"16 m² | Individuel | 1 lit simple | WC, Douche, Evier + plaque, Frigo",8 Rue Lucie Aubrac 33600 PESSAC,https://trouverunlogement.lescrous.fr/tools/47/accommodations/330,https://trouverunlogement.lescrous.fr/tools/47/search?bounds=-0.6471483_44.7938687_-0.5854508_44.7423986&locationName=Gradignan+%2833170%29 | https://trouverunlogement.lescrous.fr/tools/47/search?bounds=-0.7587897_44.8225797_-0.6029478_44.749435&locationName=Pessac+%2833600%29,2026-07-08T11:06:12+01:00,2026-07-08T11:06:12+01:00
2026-07-08T11:18:10+01:00,added,2de9cd42059c7322,VILLAGE 3,Individuel,264 €,264,,9 m²,9,,"9 m² | Individuel | 1 lit simple | WC, Douche, Frigo",9 Esplanade des Antilles 33600 PESSAC,https://trouverunlogement.lescrous.fr/tools/47/accommodations/2249,https://trouverunlogement.lescrous.fr/tools/47/search?bounds=-0.7587897_44.8225797_-0.6029478_44.749435&locationName=Pessac+%2833600%29,2026-07-08T11:18:10+01:00,2026-07-08T11:18:10+01:00
2026-07-08T11:18:10+01:00,removed,faaae04ffafe2023,JOSEPHINE BAKER,Individuel,"397,55 €",397.55,,16 m²,16,,"16 m² | Individuel | 1 lit simple | WC, Douche, Evier + plaque, Frigo",8 Rue Lucie Aubrac 33600 PESSAC,https://trouverunlogement.lescrous.fr/tools/47/accommodations/330,https://trouverunlogement.lescrous.fr/tools/47/search?bounds=-0.6471483_44.7938687_-0.5854508_44.7423986&locationName=Gradignan+%2833170%29 | https://trouverunlogement.lescrous.fr/tools/47/search?bounds=-0.7587897_44.8225797_-0.6029478_44.749435&locationName=Pessac+%2833600%29,2026-07-08T11:06:12+01:00,2026-07-08T11:06:12+01:00
2026-07-08T11:21:14+01:00,removed,2de9cd42059c7322,VILLAGE 3,Individuel,264 €,264,,9 m²,9,,"9 m² | Individuel | 1 lit simple | WC, Douche, Frigo",9 Esplanade des Antilles 33600 PESSAC,https://trouverunlogement.lescrous.fr/tools/47/accommodations/2249,https://trouverunlogement.lescrous.fr/tools/47/search?bounds=-0.7587897_44.8225797_-0.6029478_44.749435&locationName=Pessac+%2833600%29,2026-07-08T11:18:10+01:00,2026-07-08T11:18:10+01:00
2026-07-08T11:33:14+01:00,added,2de9cd42059c7322,VILLAGE 3,Individuel,264 €,264,,9 m²,9,,"9 m² | Individuel | 1 lit simple | WC, Douche, Frigo",9 Esplanade des Antilles 33600 PESSAC,https://trouverunlogement.lescrous.fr/tools/47/accommodations/2249,https://trouverunlogement.lescrous.fr/tools/47/search?bounds=-0.7587897_44.8225797_-0.6029478_44.749435&locationName=Pessac+%2833600%29,2026-07-08T11:33:14+01:00,2026-07-08T11:33:14+01:00
2026-07-08T11:33:14+01:00,added,8a7089e2646c5cbc,VILLAGE 3,Individuel,264 €,264,,9 m²,9,,"9 m² | Individuel | 1 lit simple | WC, Douche, Evier + plaque, Frigo",9 Esplanade des Antilles 33600 PESSAC,https://trouverunlogement.lescrous.fr/tools/47/accommodations/2282,https://trouverunlogement.lescrous.fr/tools/47/search?bounds=-0.7587897_44.8225797_-0.6029478_44.749435&locationName=Pessac+%2833600%29,2026-07-08T11:33:14+01:00,2026-07-08T11:33:14+01:00
2026-07-08T11:39:15+01:00,removed,2de9cd42059c7322,VILLAGE 3,Individuel,264 €,264,,9 m²,9,,"9 m² | Individuel | 1 lit simple | WC, Douche, Frigo",9 Esplanade des Antilles 33600 PESSAC,https://trouverunlogement.lescrous.fr/tools/47/accommodations/2249,https://trouverunlogement.lescrous.fr/tools/47/search?bounds=-0.7587897_44.8225797_-0.6029478_44.749435&locationName=Pessac+%2833600%29,2026-07-08T11:33:14+01:00,2026-07-08T11:33:14+01:00
2026-07-08T11:39:15+01:00,removed,8a7089e2646c5cbc,VILLAGE 3,Individuel,264 €,264,,9 m²,9,,"9 m² | Individuel | 1 lit simple | WC, Douche, Evier + plaque, Frigo",9 Esplanade des Antilles 33600 PESSAC,https://trouverunlogement.lescrous.fr/tools/47/accommodations/2282,https://trouverunlogement.lescrous.fr/tools/47/search?bounds=-0.7587897_44.8225797_-0.6029478_44.749435&locationName=Pessac+%2833600%29,2026-07-08T11:33:14+01:00,2026-07-08T11:33:14+01:00
2026-07-08T11:42:13+01:00,added,cfe532b5cafa8037,EMILE DURKHEIM,Individuel,"406,23 €",406.23,,"18,5 m²",18.5,,"18,5 m² | Individuel | 1 lit simple | WC, Douche, Evier + plaque, Frigo",Allée Ausone / Avenue Léon Duguit 33600 PESSAC,https://trouverunlogement.lescrous.fr/tools/47/accommodations/1905,https://trouverunlogement.lescrous.fr/tools/47/search?bounds=-0.7587897_44.8225797_-0.6029478_44.749435&locationName=Pessac+%2833600%29,2026-07-08T11:42:13+01:00,2026-07-08T11:42:13+01:00
2026-07-08T11:45:11+01:00,added,faaae04ffafe2023,JOSEPHINE BAKER,Individuel,"397,55 €",397.55,,16 m²,16,,"16 m² | Individuel | 1 lit simple | WC, Douche, Evier + plaque, Frigo",8 Rue Lucie Aubrac 33600 PESSAC,https://trouverunlogement.lescrous.fr/tools/47/accommodations/330,https://trouverunlogement.lescrous.fr/tools/47/search?bounds=-0.6471483_44.7938687_-0.5854508_44.7423986&locationName=Gradignan+%2833170%29 | https://trouverunlogement.lescrous.fr/tools/47/search?bounds=-0.7587897_44.8225797_-0.6029478_44.749435&locationName=Pessac+%2833600%29,2026-07-08T11:45:11+01:00,2026-07-08T11:45:11+01:00
2026-07-08T11:45:11+01:00,removed,cfe532b5cafa8037,EMILE DURKHEIM,Individuel,"406,23 €",406.23,,"18,5 m²",18.5,,"18,5 m² | Individuel | 1 lit simple | WC, Douche, Evier + plaque, Frigo",Allée Ausone / Avenue Léon Duguit 33600 PESSAC,https://trouverunlogement.lescrous.fr/tools/47/accommodations/1905,https://trouverunlogement.lescrous.fr/tools/47/search?bounds=-0.7587897_44.8225797_-0.6029478_44.749435&locationName=Pessac+%2833600%29,2026-07-08T11:42:13+01:00,2026-07-08T11:42:13+01:00
2026-07-08T11:48:12+01:00,removed,faaae04ffafe2023,JOSEPHINE BAKER,Individuel,"397,55 €",397.55,,16 m²,16,,"16 m² | Individuel | 1 lit simple | WC, Douche, Evier + plaque, Frigo",8 Rue Lucie Aubrac 33600 PESSAC,https://trouverunlogement.lescrous.fr/tools/47/accommodations/330,https://trouverunlogement.lescrous.fr/tools/47/search?bounds=-0.6471483_44.7938687_-0.5854508_44.7423986&locationName=Gradignan+%2833170%29 | https://trouverunlogement.lescrous.fr/tools/47/search?bounds=-0.7587897_44.8225797_-0.6029478_44.749435&locationName=Pessac+%2833600%29,2026-07-08T11:45:11+01:00,2026-07-08T11:45:11+01:00
2026-07-08T11:57:13+01:00,added,faaae04ffafe2023,JOSEPHINE BAKER,Individuel,"397,55 €",397.55,,16 m²,16,,"16 m² | Individuel | 1 lit simple | WC, Douche, Evier + plaque, Frigo",8 Rue Lucie Aubrac 33600 PESSAC,https://trouverunlogement.lescrous.fr/tools/47/accommodations/330,https://trouverunlogement.lescrous.fr/tools/47/search?bounds=-0.6471483_44.7938687_-0.5854508_44.7423986&locationName=Gradignan+%2833170%29 | https://trouverunlogement.lescrous.fr/tools/47/search?bounds=-0.7587897_44.8225797_-0.6029478_44.749435&locationName=Pessac+%2833600%29,2026-07-08T11:57:13+01:00,2026-07-08T11:57:13+01:00
2026-07-08T12:00:37+01:00,removed,faaae04ffafe2023,JOSEPHINE BAKER,Individuel,"397,55 €",397.55,,16 m²,16,,"16 m² | Individuel | 1 lit simple | WC, Douche, Evier + plaque, Frigo",8 Rue Lucie Aubrac 33600 PESSAC,https://trouverunlogement.lescrous.fr/tools/47/accommodations/330,https://trouverunlogement.lescrous.fr/tools/47/search?bounds=-0.6471483_44.7938687_-0.5854508_44.7423986&locationName=Gradignan+%2833170%29 | https://trouverunlogement.lescrous.fr/tools/47/search?bounds=-0.7587897_44.8225797_-0.6029478_44.749435&locationName=Pessac+%2833600%29,2026-07-08T11:57:13+01:00,2026-07-08T11:57:13+01:00
2026-07-08T12:15:13+01:00,added,1137ce31aec2e81b,VILLAGE 1,Individuel,264 €,264,,"de 9,1 à 12,7 m²",9.1,12.7,"de 9,1 à 12,7 m² | Individuel | 1 lit simple | WC, Douche, Evier + plaque, Frigo",AVENUE COLLEGNO 33400 TALENCE,https://trouverunlogement.lescrous.fr/tools/47/accommodations/1660,https://trouverunlogement.lescrous.fr/tools/47/search?bounds=-0.6111634_44.8252468_-0.5726706_44.7868187&locationName=Talence+%2833400%29 | https://trouverunlogement.lescrous.fr/tools/47/search?bounds=-0.7587897_44.8225797_-0.6029478_44.749435&locationName=Pessac+%2833600%29,2026-07-08T12:15:13+01:00,2026-07-08T12:15:13+01:00
2026-07-08T12:18:12+01:00,removed,1137ce31aec2e81b,VILLAGE 1,Individuel,264 €,264,,"de 9,1 à 12,7 m²",9.1,12.7,"de 9,1 à 12,7 m² | Individuel | 1 lit simple | WC, Douche, Evier + plaque, Frigo",AVENUE COLLEGNO 33400 TALENCE,https://trouverunlogement.lescrous.fr/tools/47/accommodations/1660,https://trouverunlogement.lescrous.fr/tools/47/search?bounds=-0.6111634_44.8252468_-0.5726706_44.7868187&locationName=Talence+%2833400%29 | https://trouverunlogement.lescrous.fr/tools/47/search?bounds=-0.7587897_44.8225797_-0.6029478_44.749435&locationName=Pessac+%2833600%29,2026-07-08T12:15:13+01:00,2026-07-08T12:15:13+01:00
2026-07-08T12:33:14+01:00,added,8a7089e2646c5cbc,VILLAGE 3,Individuel,264 €,264,,9 m²,9,,"9 m² | Individuel | 1 lit simple | WC, Douche, Evier + plaque, Frigo",9 Esplanade des Antilles 33600 PESSAC,https://trouverunlogement.lescrous.fr/tools/47/accommodations/2282,https://trouverunlogement.lescrous.fr/tools/47/search?bounds=-0.7587897_44.8225797_-0.6029478_44.749435&locationName=Pessac+%2833600%29,2026-07-08T12:33:14+01:00,2026-07-08T12:33:14+01:00
2026-07-08T12:36:14+01:00,removed,8a7089e2646c5cbc,VILLAGE 3,Individuel,264 €,264,,9 m²,9,,"9 m² | Individuel | 1 lit simple | WC, Douche, Evier + plaque, Frigo",9 Esplanade des Antilles 33600 PESSAC,https://trouverunlogement.lescrous.fr/tools/47/accommodations/2282,https://trouverunlogement.lescrous.fr/tools/47/search?bounds=-0.7587897_44.8225797_-0.6029478_44.749435&locationName=Pessac+%2833600%29,2026-07-08T12:33:14+01:00,2026-07-08T12:33:14+01:00
2026-07-08T12:48:15+01:00,added,faaae04ffafe2023,JOSEPHINE BAKER,Individuel,"397,55 €",397.55,,16 m²,16,,"16 m² | Individuel | 1 lit simple | WC, Douche, Evier + plaque, Frigo",8 Rue Lucie Aubrac 33600 PESSAC,https://trouverunlogement.lescrous.fr/tools/47/accommodations/330,https://trouverunlogement.lescrous.fr/tools/47/search?bounds=-0.6471483_44.7938687_-0.5854508_44.7423986&locationName=Gradignan+%2833170%29 | https://trouverunlogement.lescrous.fr/tools/47/search?bounds=-0.7587897_44.8225797_-0.6029478_44.749435&locationName=Pessac+%2833600%29,2026-07-08T12:48:15+01:00,2026-07-08T12:48:15+01:00
2026-07-08T12:48:15+01:00,added,cfe532b5cafa8037,EMILE DURKHEIM,Individuel,"406,23 €",406.23,,"18,5 m²",18.5,,"18,5 m² | Individuel | 1 lit simple | WC, Douche, Evier + plaque, Frigo",Allée Ausone / Avenue Léon Duguit 33600 PESSAC,https://trouverunlogement.lescrous.fr/tools/47/accommodations/1905,https://trouverunlogement.lescrous.fr/tools/47/search?bounds=-0.7587897_44.8225797_-0.6029478_44.749435&locationName=Pessac+%2833600%29,2026-07-08T12:48:15+01:00,2026-07-08T12:48:15+01:00
2026-07-08T12:51:14+01:00,added,1137ce31aec2e81b,VILLAGE 1,Individuel,264 €,264,,"de 9,1 à 12,7 m²",9.1,12.7,"de 9,1 à 12,7 m² | Individuel | 1 lit simple | WC, Douche, Evier + plaque, Frigo",AVENUE COLLEGNO 33400 TALENCE,https://trouverunlogement.lescrous.fr/tools/47/accommodations/1660,https://trouverunlogement.lescrous.fr/tools/47/search?bounds=-0.6111634_44.8252468_-0.5726706_44.7868187&locationName=Talence+%2833400%29 | https://trouverunlogement.lescrous.fr/tools/47/search?bounds=-0.7587897_44.8225797_-0.6029478_44.749435&locationName=Pessac+%2833600%29,2026-07-08T12:51:14+01:00,2026-07-08T12:51:14+01:00
2026-07-08T12:51:14+01:00,added,9cd1ae8927f0637c,VILLAGE 2,Individuel,264 €,264,,"de 9,5 à 11,8 m²",9.5,11.8,"de 9,5 à 11,8 m² | Individuel | 1 lit simple | WC, Douche, Evier + plaque, Frigo",7 avenue PEY BERLAND 33600 PESSAC,https://trouverunlogement.lescrous.fr/tools/47/accommodations/1902,https://trouverunlogement.lescrous.fr/tools/47/search?bounds=-0.7569779_44.8627846_-0.6069396_44.7998378&locationName=Mérignac+%2833700%29 | https://trouverunlogement.lescrous.fr/tools/47/search?bounds=-0.7587897_44.8225797_-0.6029478_44.749435&locationName=Pessac+%2833600%29,2026-07-08T12:51:14+01:00,2026-07-08T12:51:14+01:00
2026-07-08T12:51:14+01:00,added,2de9cd42059c7322,VILLAGE 3,Individuel,264 €,264,,9 m²,9,,"9 m² | Individuel | 1 lit simple | WC, Douche, Frigo",9 Esplanade des Antilles 33600 PESSAC,https://trouverunlogement.lescrous.fr/tools/47/accommodations/2249,https://trouverunlogement.lescrous.fr/tools/47/search?bounds=-0.7587897_44.8225797_-0.6029478_44.749435&locationName=Pessac+%2833600%29,2026-07-08T12:51:14+01:00,2026-07-08T12:51:14+01:00
2026-07-08T12:51:14+01:00,added,f38597d54d0d396f,VILLAGE 5,Individuel,264 €,264,,"de 11,5 à 12 m²",11.5,12,"de 11,5 à 12 m² | Individuel | 1 lit simple | WC, Douche, Evier + plaque, Frigo",20 avenue de BARDANAC 33600 PESSAC,https://trouverunlogement.lescrous.fr/tools/47/accommodations/700,https://trouverunlogement.lescrous.fr/tools/47/search?bounds=-0.7587897_44.8225797_-0.6029478_44.749435&locationName=Pessac+%2833600%29,2026-07-08T12:51:14+01:00,2026-07-08T12:51:14+01:00
2026-07-08T12:51:14+01:00,removed,faaae04ffafe2023,JOSEPHINE BAKER,Individuel,"397,55 €",397.55,,16 m²,16,,"16 m² | Individuel | 1 lit simple | WC, Douche, Evier + plaque, Frigo",8 Rue Lucie Aubrac 33600 PESSAC,https://trouverunlogement.lescrous.fr/tools/47/accommodations/330,https://trouverunlogement.lescrous.fr/tools/47/search?bounds=-0.6471483_44.7938687_-0.5854508_44.7423986&locationName=Gradignan+%2833170%29 | https://trouverunlogement.lescrous.fr/tools/47/search?bounds=-0.7587897_44.8225797_-0.6029478_44.749435&locationName=Pessac+%2833600%29,2026-07-08T12:48:15+01:00,2026-07-08T12:48:15+01:00
2026-07-08T12:51:14+01:00,removed,cfe532b5cafa8037,EMILE DURKHEIM,Individuel,"406,23 €",406.23,,"18,5 m²",18.5,,"18,5 m² | Individuel | 1 lit simple | WC, Douche, Evier + plaque, Frigo",Allée Ausone / Avenue Léon Duguit 33600 PESSAC,https://trouverunlogement.lescrous.fr/tools/47/accommodations/1905,https://trouverunlogement.lescrous.fr/tools/47/search?bounds=-0.7587897_44.8225797_-0.6029478_44.749435&locationName=Pessac+%2833600%29,2026-07-08T12:48:15+01:00,2026-07-08T12:48:15+01:00
2026-07-08T12:54:12+01:00,added,faaae04ffafe2023,JOSEPHINE BAKER,Individuel,"397,55 €",397.55,,16 m²,16,,"16 m² | Individuel | 1 lit simple | WC, Douche, Evier + plaque, Frigo",8 Rue Lucie Aubrac 33600 PESSAC,https://trouverunlogement.lescrous.fr/tools/47/accommodations/330,https://trouverunlogement.lescrous.fr/tools/47/search?bounds=-0.6471483_44.7938687_-0.5854508_44.7423986&locationName=Gradignan+%2833170%29 | https://trouverunlogement.lescrous.fr/tools/47/search?bounds=-0.7587897_44.8225797_-0.6029478_44.749435&locationName=Pessac+%2833600%29,2026-07-08T12:54:12+01:00,2026-07-08T12:54:12+01:00
2026-07-08T12:54:12+01:00,removed,2de9cd42059c7322,VILLAGE 3,Individuel,264 €,264,,9 m²,9,,"9 m² | Individuel | 1 lit simple | WC, Douche, Frigo",9 Esplanade des Antilles 33600 PESSAC,https://trouverunlogement.lescrous.fr/tools/47/accommodations/2249,https://trouverunlogement.lescrous.fr/tools/47/search?bounds=-0.7587897_44.8225797_-0.6029478_44.749435&locationName=Pessac+%2833600%29,2026-07-08T12:51:14+01:00,2026-07-08T12:51:14+01:00
2026-07-08T12:54:12+01:00,removed,f38597d54d0d396f,VILLAGE 5,Individuel,264 €,264,,"de 11,5 à 12 m²",11.5,12,"de 11,5 à 12 m² | Individuel | 1 lit simple | WC, Douche, Evier + plaque, Frigo",20 avenue de BARDANAC 33600 PESSAC,https://trouverunlogement.lescrous.fr/tools/47/accommodations/700,https://trouverunlogement.lescrous.fr/tools/47/search?bounds=-0.7587897_44.8225797_-0.6029478_44.749435&locationName=Pessac+%2833600%29,2026-07-08T12:51:14+01:00,2026-07-08T12:51:14+01:00
2026-07-08T13:00:39+01:00,removed,faaae04ffafe2023,JOSEPHINE BAKER,Individuel,"397,55 €",397.55,,16 m²,16,,"16 m² | Individuel | 1 lit simple | WC, Douche, Evier + plaque, Frigo",8 Rue Lucie Aubrac 33600 PESSAC,https://trouverunlogement.lescrous.fr/tools/47/accommodations/330,https://trouverunlogement.lescrous.fr/tools/47/search?bounds=-0.6471483_44.7938687_-0.5854508_44.7423986&locationName=Gradignan+%2833170%29 | https://trouverunlogement.lescrous.fr/tools/47/search?bounds=-0.7587897_44.8225797_-0.6029478_44.749435&locationName=Pessac+%2833600%29,2026-07-08T12:54:12+01:00,2026-07-08T12:54:12+01:00
2026-07-08T13:03:12+01:00,removed,9cd1ae8927f0637c,VILLAGE 2,Individuel,264 €,264,,"de 9,5 à 11,8 m²",9.5,11.8,"de 9,5 à 11,8 m² | Individuel | 1 lit simple | WC, Douche, Evier + plaque, Frigo",7 avenue PEY BERLAND 33600 PESSAC,https://trouverunlogement.lescrous.fr/tools/47/accommodations/1902,https://trouverunlogement.lescrous.fr/tools/47/search?bounds=-0.7569779_44.8627846_-0.6069396_44.7998378&locationName=Mérignac+%2833700%29 | https://trouverunlogement.lescrous.fr/tools/47/search?bounds=-0.7587897_44.8225797_-0.6029478_44.749435&locationName=Pessac+%2833600%29,2026-07-08T12:51:14+01:00,2026-07-08T12:51:14+01:00
2026-07-08T13:06:16+01:00,added,f38597d54d0d396f,VILLAGE 5,Individuel,264 €,264,,"de 11,5 à 12 m²",11.5,12,"de 11,5 à 12 m² | Individuel | 1 lit simple | WC, Douche, Evier + plaque, Frigo",20 avenue de BARDANAC 33600 PESSAC,https://trouverunlogement.lescrous.fr/tools/47/accommodations/700,https://trouverunlogement.lescrous.fr/tools/47/search?bounds=-0.7587897_44.8225797_-0.6029478_44.749435&locationName=Pessac+%2833600%29,2026-07-08T13:06:16+01:00,2026-07-08T13:06:16+01:00
2026-07-08T13:09:14+01:00,removed,f38597d54d0d396f,VILLAGE 5,Individuel,264 €,264,,"de 11,5 à 12 m²",11.5,12,"de 11,5 à 12 m² | Individuel | 1 lit simple | WC, Douche, Evier + plaque, Frigo",20 avenue de BARDANAC 33600 PESSAC,https://trouverunlogement.lescrous.fr/tools/47/accommodations/700,https://trouverunlogement.lescrous.fr/tools/47/search?bounds=-0.7587897_44.8225797_-0.6029478_44.749435&locationName=Pessac+%2833600%29,2026-07-08T13:06:16+01:00,2026-07-08T13:06:16+01:00
2026-07-08T13:12:12+01:00,added,9cd1ae8927f0637c,VILLAGE 2,Individuel,264 €,264,,"de 9,5 à 11,8 m²",9.5,11.8,"de 9,5 à 11,8 m² | Individuel | 1 lit simple | WC, Douche, Evier + plaque, Frigo",7 avenue PEY BERLAND 33600 PESSAC,https://trouverunlogement.lescrous.fr/tools/47/accommodations/1902,https://trouverunlogement.lescrous.fr/tools/47/search?bounds=-0.7569779_44.8627846_-0.6069396_44.7998378&locationName=Mérignac+%2833700%29 | https://trouverunlogement.lescrous.fr/tools/47/search?bounds=-0.7587897_44.8225797_-0.6029478_44.749435&locationName=Pessac+%2833600%29,2026-07-08T13:12:12+01:00,2026-07-08T13:12:12+01:00
2026-07-08T13:12:12+01:00,added,2de9cd42059c7322,VILLAGE 3,Individuel,264 €,264,,9 m²,9,,"9 m² | Individuel | 1 lit simple | WC, Douche, Frigo",9 Esplanade des Antilles 33600 PESSAC,https://trouverunlogement.lescrous.fr/tools/47/accommodations/2249,https://trouverunlogement.lescrous.fr/tools/47/search?bounds=-0.7587897_44.8225797_-0.6029478_44.749435&locationName=Pessac+%2833600%29,2026-07-08T13:12:12+01:00,2026-07-08T13:12:12+01:00
2026-07-08T13:15:15+01:00,removed,9cd1ae8927f0637c,VILLAGE 2,Individuel,264 €,264,,"de 9,5 à 11,8 m²",9.5,11.8,"de 9,5 à 11,8 m² | Individuel | 1 lit simple | WC, Douche, Evier + plaque, Frigo",7 avenue PEY BERLAND 33600 PESSAC,https://trouverunlogement.lescrous.fr/tools/47/accommodations/1902,https://trouverunlogement.lescrous.fr/tools/47/search?bounds=-0.7569779_44.8627846_-0.6069396_44.7998378&locationName=Mérignac+%2833700%29 | https://trouverunlogement.lescrous.fr/tools/47/search?bounds=-0.7587897_44.8225797_-0.6029478_44.749435&locationName=Pessac+%2833600%29,2026-07-08T13:12:12+01:00,2026-07-08T13:12:12+01:00
2026-07-08T13:18:13+01:00,removed,1137ce31aec2e81b,VILLAGE 1,Individuel,264 €,264,,"de 9,1 à 12,7 m²",9.1,12.7,"de 9,1 à 12,7 m² | Individuel | 1 lit simple | WC, Douche, Evier + plaque, Frigo",AVENUE COLLEGNO 33400 TALENCE,https://trouverunlogement.lescrous.fr/tools/47/accommodations/1660,https://trouverunlogement.lescrous.fr/tools/47/search?bounds=-0.6111634_44.8252468_-0.5726706_44.7868187&locationName=Talence+%2833400%29 | https://trouverunlogement.lescrous.fr/tools/47/search?bounds=-0.7587897_44.8225797_-0.6029478_44.749435&locationName=Pessac+%2833600%29,2026-07-08T12:51:14+01:00,2026-07-08T12:51:14+01:00
2026-07-08T13:21:15+01:00,added,f38597d54d0d396f,VILLAGE 5,Individuel,264 €,264,,"de 11,5 à 12 m²",11.5,12,"de 11,5 à 12 m² | Individuel | 1 lit simple | WC, Douche, Evier + plaque, Frigo",20 avenue de BARDANAC 33600 PESSAC,https://trouverunlogement.lescrous.fr/tools/47/accommodations/700,https://trouverunlogement.lescrous.fr/tools/47/search?bounds=-0.7587897_44.8225797_-0.6029478_44.749435&locationName=Pessac+%2833600%29,2026-07-08T13:21:15+01:00,2026-07-08T13:21:15+01:00
2026-07-08T13:24:12+01:00,added,9cd1ae8927f0637c,VILLAGE 2,Individuel,264 €,264,,"de 9,5 à 11,8 m²",9.5,11.8,"de 9,5 à 11,8 m² | Individuel | 1 lit simple | WC, Douche, Evier + plaque, Frigo",7 avenue PEY BERLAND 33600 PESSAC,https://trouverunlogement.lescrous.fr/tools/47/accommodations/1902,https://trouverunlogement.lescrous.fr/tools/47/search?bounds=-0.7569779_44.8627846_-0.6069396_44.7998378&locationName=Mérignac+%2833700%29 | https://trouverunlogement.lescrous.fr/tools/47/search?bounds=-0.7587897_44.8225797_-0.6029478_44.749435&locationName=Pessac+%2833600%29,2026-07-08T13:24:12+01:00,2026-07-08T13:24:12+01:00
2026-07-08T13:24:12+01:00,removed,2de9cd42059c7322,VILLAGE 3,Individuel,264 €,264,,9 m²,9,,"9 m² | Individuel | 1 lit simple | WC, Douche, Frigo",9 Esplanade des Antilles 33600 PESSAC,https://trouverunlogement.lescrous.fr/tools/47/accommodations/2249,https://trouverunlogement.lescrous.fr/tools/47/search?bounds=-0.7587897_44.8225797_-0.6029478_44.749435&locationName=Pessac+%2833600%29,2026-07-08T13:12:12+01:00,2026-07-08T13:12:12+01:00
2026-07-08T13:24:12+01:00,removed,f38597d54d0d396f,VILLAGE 5,Individuel,264 €,264,,"de 11,5 à 12 m²",11.5,12,"de 11,5 à 12 m² | Individuel | 1 lit simple | WC, Douche, Evier + plaque, Frigo",20 avenue de BARDANAC 33600 PESSAC,https://trouverunlogement.lescrous.fr/tools/47/accommodations/700,https://trouverunlogement.lescrous.fr/tools/47/search?bounds=-0.7587897_44.8225797_-0.6029478_44.749435&locationName=Pessac+%2833600%29,2026-07-08T13:21:15+01:00,2026-07-08T13:21:15+01:00
2026-07-08T13:27:20+01:00,added,1137ce31aec2e81b,VILLAGE 1,Individuel,264 €,264,,"de 9,1 à 12,7 m²",9.1,12.7,"de 9,1 à 12,7 m² | Individuel | 1 lit simple | WC, Douche, Evier + plaque, Frigo",AVENUE COLLEGNO 33400 TALENCE,https://trouverunlogement.lescrous.fr/tools/47/accommodations/1660,https://trouverunlogement.lescrous.fr/tools/47/search?bounds=-0.6111634_44.8252468_-0.5726706_44.7868187&locationName=Talence+%2833400%29 | https://trouverunlogement.lescrous.fr/tools/47/search?bounds=-0.7587897_44.8225797_-0.6029478_44.749435&locationName=Pessac+%2833600%29,2026-07-08T13:27:20+01:00,2026-07-08T13:27:20+01:00
2026-07-08T13:27:20+01:00,added,2de9cd42059c7322,VILLAGE 3,Individuel,264 €,264,,9 m²,9,,"9 m² | Individuel | 1 lit simple | WC, Douche, Frigo",9 Esplanade des Antilles 33600 PESSAC,https://trouverunlogement.lescrous.fr/tools/47/accommodations/2249,https://trouverunlogement.lescrous.fr/tools/47/search?bounds=-0.7587897_44.8225797_-0.6029478_44.749435&locationName=Pessac+%2833600%29,2026-07-08T13:27:20+01:00,2026-07-08T13:27:20+01:00
2026-07-08T13:27:20+01:00,added,8a7089e2646c5cbc,VILLAGE 3,Individuel,264 €,264,,9 m²,9,,"9 m² | Individuel | 1 lit simple | WC, Douche, Evier + plaque, Frigo",9 Esplanade des Antilles 33600 PESSAC,https://trouverunlogement.lescrous.fr/tools/47/accommodations/2282,https://trouverunlogement.lescrous.fr/tools/47/search?bounds=-0.7587897_44.8225797_-0.6029478_44.749435&locationName=Pessac+%2833600%29,2026-07-08T13:27:20+01:00,2026-07-08T13:27:20+01:00
2026-07-08T13:27:20+01:00,removed,9cd1ae8927f0637c,VILLAGE 2,Individuel,264 €,264,,"de 9,5 à 11,8 m²",9.5,11.8,"de 9,5 à 11,8 m² | Individuel | 1 lit simple | WC, Douche, Evier + plaque, Frigo",7 avenue PEY BERLAND 33600 PESSAC,https://trouverunlogement.lescrous.fr/tools/47/accommodations/1902,https://trouverunlogement.lescrous.fr/tools/47/search?bounds=-0.7569779_44.8627846_-0.6069396_44.7998378&locationName=Mérignac+%2833700%29 | https://trouverunlogement.lescrous.fr/tools/47/search?bounds=-0.7587897_44.8225797_-0.6029478_44.749435&locationName=Pessac+%2833600%29,2026-07-08T13:24:12+01:00,2026-07-08T13:24:12+01:00
2026-07-08T13:30:39+01:00,removed,1137ce31aec2e81b,VILLAGE 1,Individuel,264 €,264,,"de 9,1 à 12,7 m²",9.1,12.7,"de 9,1 à 12,7 m² | Individuel | 1 lit simple | WC, Douche, Evier + plaque, Frigo",AVENUE COLLEGNO 33400 TALENCE,https://trouverunlogement.lescrous.fr/tools/47/accommodations/1660,https://trouverunlogement.lescrous.fr/tools/47/search?bounds=-0.6111634_44.8252468_-0.5726706_44.7868187&locationName=Talence+%2833400%29 | https://trouverunlogement.lescrous.fr/tools/47/search?bounds=-0.7587897_44.8225797_-0.6029478_44.749435&locationName=Pessac+%2833600%29,2026-07-08T13:27:20+01:00,2026-07-08T13:27:20+01:00
2026-07-08T13:30:39+01:00,removed,2de9cd42059c7322,VILLAGE 3,Individuel,264 €,264,,9 m²,9,,"9 m² | Individuel | 1 lit simple | WC, Douche, Frigo",9 Esplanade des Antilles 33600 PESSAC,https://trouverunlogement.lescrous.fr/tools/47/accommodations/2249,https://trouverunlogement.lescrous.fr/tools/47/search?bounds=-0.7587897_44.8225797_-0.6029478_44.749435&locationName=Pessac+%2833600%29,2026-07-08T13:27:20+01:00,2026-07-08T13:27:20+01:00
2026-07-08T13:30:39+01:00,removed,8a7089e2646c5cbc,VILLAGE 3,Individuel,264 €,264,,9 m²,9,,"9 m² | Individuel | 1 lit simple | WC, Douche, Evier + plaque, Frigo",9 Esplanade des Antilles 33600 PESSAC,https://trouverunlogement.lescrous.fr/tools/47/accommodations/2282,https://trouverunlogement.lescrous.fr/tools/47/search?bounds=-0.7587897_44.8225797_-0.6029478_44.749435&locationName=Pessac+%2833600%29,2026-07-08T13:27:20+01:00,2026-07-08T13:27:20+01:00
2026-07-08T13:54:15+01:00,added,2de9cd42059c7322,VILLAGE 3,Individuel,264 €,264,,9 m²,9,,"9 m² | Individuel | 1 lit simple | WC, Douche, Frigo",9 Esplanade des Antilles 33600 PESSAC,https://trouverunlogement.lescrous.fr/tools/47/accommodations/2249,https://trouverunlogement.lescrous.fr/tools/47/search?bounds=-0.7587897_44.8225797_-0.6029478_44.749435&locationName=Pessac+%2833600%29,2026-07-08T13:54:15+01:00,2026-07-08T13:54:15+01:00
2026-07-08T13:57:14+01:00,removed,2de9cd42059c7322,VILLAGE 3,Individuel,264 €,264,,9 m²,9,,"9 m² | Individuel | 1 lit simple | WC, Douche, Frigo",9 Esplanade des Antilles 33600 PESSAC,https://trouverunlogement.lescrous.fr/tools/47/accommodations/2249,https://trouverunlogement.lescrous.fr/tools/47/search?bounds=-0.7587897_44.8225797_-0.6029478_44.749435&locationName=Pessac+%2833600%29,2026-07-08T13:54:15+01:00,2026-07-08T13:54:15+01:00
2026-07-08T14:45:31+01:00,added,9cd1ae8927f0637c,VILLAGE 2,Individuel,264 €,264,,"de 9,5 à 11,8 m²",9.5,11.8,"de 9,5 à 11,8 m² | Individuel | 1 lit simple | WC, Douche, Evier + plaque, Frigo",7 avenue PEY BERLAND 33600 PESSAC,https://trouverunlogement.lescrous.fr/tools/47/accommodations/1902,https://trouverunlogement.lescrous.fr/tools/47/search?bounds=-0.7569779_44.8627846_-0.6069396_44.7998378&locationName=Mérignac+%2833700%29 | https://trouverunlogement.lescrous.fr/tools/47/search?bounds=-0.7587897_44.8225797_-0.6029478_44.749435&locationName=Pessac+%2833600%29,2026-07-08T14:45:31+01:00,2026-07-08T14:45:31+01:00
2026-07-08T14:51:14+01:00,removed,9cd1ae8927f0637c,VILLAGE 2,Individuel,264 €,264,,"de 9,5 à 11,8 m²",9.5,11.8,"de 9,5 à 11,8 m² | Individuel | 1 lit simple | WC, Douche, Evier + plaque, Frigo",7 avenue PEY BERLAND 33600 PESSAC,https://trouverunlogement.lescrous.fr/tools/47/accommodations/1902,https://trouverunlogement.lescrous.fr/tools/47/search?bounds=-0.7569779_44.8627846_-0.6069396_44.7998378&locationName=Mérignac+%2833700%29 | https://trouverunlogement.lescrous.fr/tools/47/search?bounds=-0.7587897_44.8225797_-0.6029478_44.749435&locationName=Pessac+%2833600%29,2026-07-08T14:45:31+01:00,2026-07-08T14:45:31+01:00
2026-07-08T14:57:12+01:00,added,cfe532b5cafa8037,EMILE DURKHEIM,Individuel,"406,23 €",406.23,,"18,5 m²",18.5,,"18,5 m² | Individuel | 1 lit simple | WC, Douche, Evier + plaque, Frigo",Allée Ausone / Avenue Léon Duguit 33600 PESSAC,https://trouverunlogement.lescrous.fr/tools/47/accommodations/1905,https://trouverunlogement.lescrous.fr/tools/47/search?bounds=-0.7587897_44.8225797_-0.6029478_44.749435&locationName=Pessac+%2833600%29,2026-07-08T14:57:12+01:00,2026-07-08T14:57:12+01:00
2026-07-08T15:01:20+01:00,removed,cfe532b5cafa8037,EMILE DURKHEIM,Individuel,"406,23 €",406.23,,"18,5 m²",18.5,,"18,5 m² | Individuel | 1 lit simple | WC, Douche, Evier + plaque, Frigo",Allée Ausone / Avenue Léon Duguit 33600 PESSAC,https://trouverunlogement.lescrous.fr/tools/47/accommodations/1905,https://trouverunlogement.lescrous.fr/tools/47/search?bounds=-0.7587897_44.8225797_-0.6029478_44.749435&locationName=Pessac+%2833600%29,2026-07-08T14:57:12+01:00,2026-07-08T14:57:12+01:00
2026-07-08T15:24:10+01:00,added,2de9cd42059c7322,VILLAGE 3,Individuel,264 €,264,,9 m²,9,,"9 m² | Individuel | 1 lit simple | WC, Douche, Frigo",9 Esplanade des Antilles 33600 PESSAC,https://trouverunlogement.lescrous.fr/tools/47/accommodations/2249,https://trouverunlogement.lescrous.fr/tools/47/search?bounds=-0.7587897_44.8225797_-0.6029478_44.749435&locationName=Pessac+%2833600%29,2026-07-08T15:24:10+01:00,2026-07-08T15:24:10+01:00
2026-07-08T15:27:16+01:00,added,8a7089e2646c5cbc,VILLAGE 3,Individuel,264 €,264,,9 m²,9,,"9 m² | Individuel | 1 lit simple | WC, Douche, Evier + plaque, Frigo",9 Esplanade des Antilles 33600 PESSAC,https://trouverunlogement.lescrous.fr/tools/47/accommodations/2282,https://trouverunlogement.lescrous.fr/tools/47/search?bounds=-0.7587897_44.8225797_-0.6029478_44.749435&locationName=Pessac+%2833600%29,2026-07-08T15:27:16+01:00,2026-07-08T15:27:16+01:00
2026-07-08T15:27:16+01:00,removed,2de9cd42059c7322,VILLAGE 3,Individuel,264 €,264,,9 m²,9,,"9 m² | Individuel | 1 lit simple | WC, Douche, Frigo",9 Esplanade des Antilles 33600 PESSAC,https://trouverunlogement.lescrous.fr/tools/47/accommodations/2249,https://trouverunlogement.lescrous.fr/tools/47/search?bounds=-0.7587897_44.8225797_-0.6029478_44.749435&locationName=Pessac+%2833600%29,2026-07-08T15:24:10+01:00,2026-07-08T15:24:10+01:00
2026-07-08T15:30:40+01:00,removed,8a7089e2646c5cbc,VILLAGE 3,Individuel,264 €,264,,9 m²,9,,"9 m² | Individuel | 1 lit simple | WC, Douche, Evier + plaque, Frigo",9 Esplanade des Antilles 33600 PESSAC,https://trouverunlogement.lescrous.fr/tools/47/accommodations/2282,https://trouverunlogement.lescrous.fr/tools/47/search?bounds=-0.7587897_44.8225797_-0.6029478_44.749435&locationName=Pessac+%2833600%29,2026-07-08T15:27:16+01:00,2026-07-08T15:27:16+01:00
2026-07-08T16:06:13+01:00,added,faaae04ffafe2023,JOSEPHINE BAKER,Individuel,"397,55 €",397.55,,16 m²,16,,"16 m² | Individuel | 1 lit simple | WC, Douche, Evier + plaque, Frigo",8 Rue Lucie Aubrac 33600 PESSAC,https://trouverunlogement.lescrous.fr/tools/47/accommodations/330,https://trouverunlogement.lescrous.fr/tools/47/search?bounds=-0.6471483_44.7938687_-0.5854508_44.7423986&locationName=Gradignan+%2833170%29 | https://trouverunlogement.lescrous.fr/tools/47/search?bounds=-0.7587897_44.8225797_-0.6029478_44.749435&locationName=Pessac+%2833600%29,2026-07-08T16:06:13+01:00,2026-07-08T16:06:13+01:00
2026-07-08T16:12:14+01:00,removed,faaae04ffafe2023,JOSEPHINE BAKER,Individuel,"397,55 €",397.55,,16 m²,16,,"16 m² | Individuel | 1 lit simple | WC, Douche, Evier + plaque, Frigo",8 Rue Lucie Aubrac 33600 PESSAC,https://trouverunlogement.lescrous.fr/tools/47/accommodations/330,https://trouverunlogement.lescrous.fr/tools/47/search?bounds=-0.6471483_44.7938687_-0.5854508_44.7423986&locationName=Gradignan+%2833170%29 | https://trouverunlogement.lescrous.fr/tools/47/search?bounds=-0.7587897_44.8225797_-0.6029478_44.749435&locationName=Pessac+%2833600%29,2026-07-08T16:06:13+01:00,2026-07-08T16:06:13+01:00
2026-07-08T16:36:15+01:00,added,2de9cd42059c7322,VILLAGE 3,Individuel,264 €,264,,9 m²,9,,"9 m² | Individuel | 1 lit simple | WC, Douche, Frigo",9 Esplanade des Antilles 33600 PESSAC,https://trouverunlogement.lescrous.fr/tools/47/accommodations/2249,https://trouverunlogement.lescrous.fr/tools/47/search?bounds=-0.7587897_44.8225797_-0.6029478_44.749435&locationName=Pessac+%2833600%29,2026-07-08T16:36:15+01:00,2026-07-08T16:36:15+01:00
2026-07-08T16:39:12+01:00,removed,2de9cd42059c7322,VILLAGE 3,Individuel,264 €,264,,9 m²,9,,"9 m² | Individuel | 1 lit simple | WC, Douche, Frigo",9 Esplanade des Antilles 33600 PESSAC,https://trouverunlogement.lescrous.fr/tools/47/accommodations/2249,https://trouverunlogement.lescrous.fr/tools/47/search?bounds=-0.7587897_44.8225797_-0.6029478_44.749435&locationName=Pessac+%2833600%29,2026-07-08T16:36:15+01:00,2026-07-08T16:36:15+01:00
2026-07-08T16:42:15+01:00,added,1137ce31aec2e81b,VILLAGE 1,Individuel,264 €,264,,"de 9,1 à 12,7 m²",9.1,12.7,"de 9,1 à 12,7 m² | Individuel | 1 lit simple | WC, Douche, Evier + plaque, Frigo",AVENUE COLLEGNO 33400 TALENCE,https://trouverunlogement.lescrous.fr/tools/47/accommodations/1660,https://trouverunlogement.lescrous.fr/tools/47/search?bounds=-0.6111634_44.8252468_-0.5726706_44.7868187&locationName=Talence+%2833400%29 | https://trouverunlogement.lescrous.fr/tools/47/search?bounds=-0.7587897_44.8225797_-0.6029478_44.749435&locationName=Pessac+%2833600%29,2026-07-08T16:42:15+01:00,2026-07-08T16:42:15+01:00
2026-07-08T16:45:14+01:00,added,9cd1ae8927f0637c,VILLAGE 2,Individuel,264 €,264,,"de 9,5 à 11,8 m²",9.5,11.8,"de 9,5 à 11,8 m² | Individuel | 1 lit simple | WC, Douche, Evier + plaque, Frigo",7 avenue PEY BERLAND 33600 PESSAC,https://trouverunlogement.lescrous.fr/tools/47/accommodations/1902,https://trouverunlogement.lescrous.fr/tools/47/search?bounds=-0.7569779_44.8627846_-0.6069396_44.7998378&locationName=Mérignac+%2833700%29 | https://trouverunlogement.lescrous.fr/tools/47/search?bounds=-0.7587897_44.8225797_-0.6029478_44.749435&locationName=Pessac+%2833600%29,2026-07-08T16:45:14+01:00,2026-07-08T16:45:14+01:00
2026-07-08T16:45:14+01:00,added,f38597d54d0d396f,VILLAGE 5,Individuel,264 €,264,,"de 11,5 à 12 m²",11.5,12,"de 11,5 à 12 m² | Individuel | 1 lit simple | WC, Douche, Evier + plaque, Frigo",20 avenue de BARDANAC 33600 PESSAC,https://trouverunlogement.lescrous.fr/tools/47/accommodations/700,https://trouverunlogement.lescrous.fr/tools/47/search?bounds=-0.7587897_44.8225797_-0.6029478_44.749435&locationName=Pessac+%2833600%29,2026-07-08T16:45:14+01:00,2026-07-08T16:45:14+01:00
2026-07-08T16:48:13+01:00,removed,1137ce31aec2e81b,VILLAGE 1,Individuel,264 €,264,,"de 9,1 à 12,7 m²",9.1,12.7,"de 9,1 à 12,7 m² | Individuel | 1 lit simple | WC, Douche, Evier + plaque, Frigo",AVENUE COLLEGNO 33400 TALENCE,https://trouverunlogement.lescrous.fr/tools/47/accommodations/1660,https://trouverunlogement.lescrous.fr/tools/47/search?bounds=-0.6111634_44.8252468_-0.5726706_44.7868187&locationName=Talence+%2833400%29 | https://trouverunlogement.lescrous.fr/tools/47/search?bounds=-0.7587897_44.8225797_-0.6029478_44.749435&locationName=Pessac+%2833600%29,2026-07-08T16:42:15+01:00,2026-07-08T16:42:15+01:00
2026-07-08T16:51:13+01:00,added,2de9cd42059c7322,VILLAGE 3,Individuel,264 €,264,,9 m²,9,,"9 m² | Individuel | 1 lit simple | WC, Douche, Frigo",9 Esplanade des Antilles 33600 PESSAC,https://trouverunlogement.lescrous.fr/tools/47/accommodations/2249,https://trouverunlogement.lescrous.fr/tools/47/search?bounds=-0.7587897_44.8225797_-0.6029478_44.749435&locationName=Pessac+%2833600%29,2026-07-08T16:51:13+01:00,2026-07-08T16:51:13+01:00
2026-07-08T16:54:14+01:00,added,1137ce31aec2e81b,VILLAGE 1,Individuel,264 €,264,,"de 9,1 à 12,7 m²",9.1,12.7,"de 9,1 à 12,7 m² | Individuel | 1 lit simple | WC, Douche, Evier + plaque, Frigo",AVENUE COLLEGNO 33400 TALENCE,https://trouverunlogement.lescrous.fr/tools/47/accommodations/1660,https://trouverunlogement.lescrous.fr/tools/47/search?bounds=-0.6111634_44.8252468_-0.5726706_44.7868187&locationName=Talence+%2833400%29 | https://trouverunlogement.lescrous.fr/tools/47/search?bounds=-0.7587897_44.8225797_-0.6029478_44.749435&locationName=Pessac+%2833600%29,2026-07-08T16:54:14+01:00,2026-07-08T16:54:14+01:00
2026-07-08T16:54:14+01:00,added,cfe532b5cafa8037,EMILE DURKHEIM,Individuel,"406,23 €",406.23,,"18,5 m²",18.5,,"18,5 m² | Individuel | 1 lit simple | WC, Douche, Evier + plaque, Frigo",Allée Ausone / Avenue Léon Duguit 33600 PESSAC,https://trouverunlogement.lescrous.fr/tools/47/accommodations/1905,https://trouverunlogement.lescrous.fr/tools/47/search?bounds=-0.7587897_44.8225797_-0.6029478_44.749435&locationName=Pessac+%2833600%29,2026-07-08T16:54:14+01:00,2026-07-08T16:54:14+01:00
2026-07-08T16:57:13+01:00,added,faaae04ffafe2023,JOSEPHINE BAKER,Individuel,"397,55 €",397.55,,16 m²,16,,"16 m² | Individuel | 1 lit simple | WC, Douche, Evier + plaque, Frigo",8 Rue Lucie Aubrac 33600 PESSAC,https://trouverunlogement.lescrous.fr/tools/47/accommodations/330,https://trouverunlogement.lescrous.fr/tools/47/search?bounds=-0.6471483_44.7938687_-0.5854508_44.7423986&locationName=Gradignan+%2833170%29 | https://trouverunlogement.lescrous.fr/tools/47/search?bounds=-0.7587897_44.8225797_-0.6029478_44.749435&locationName=Pessac+%2833600%29,2026-07-08T16:57:13+01:00,2026-07-08T16:57:13+01:00
2026-07-08T17:00:39+01:00,removed,1137ce31aec2e81b,VILLAGE 1,Individuel,264 €,264,,"de 9,1 à 12,7 m²",9.1,12.7,"de 9,1 à 12,7 m² | Individuel | 1 lit simple | WC, Douche, Evier + plaque, Frigo",AVENUE COLLEGNO 33400 TALENCE,https://trouverunlogement.lescrous.fr/tools/47/accommodations/1660,https://trouverunlogement.lescrous.fr/tools/47/search?bounds=-0.6111634_44.8252468_-0.5726706_44.7868187&locationName=Talence+%2833400%29 | https://trouverunlogement.lescrous.fr/tools/47/search?bounds=-0.7587897_44.8225797_-0.6029478_44.749435&locationName=Pessac+%2833600%29,2026-07-08T16:54:14+01:00,2026-07-08T16:54:14+01:00
2026-07-08T17:00:39+01:00,removed,faaae04ffafe2023,JOSEPHINE BAKER,Individuel,"397,55 €",397.55,,16 m²,16,,"16 m² | Individuel | 1 lit simple | WC, Douche, Evier + plaque, Frigo",8 Rue Lucie Aubrac 33600 PESSAC,https://trouverunlogement.lescrous.fr/tools/47/accommodations/330,https://trouverunlogement.lescrous.fr/tools/47/search?bounds=-0.6471483_44.7938687_-0.5854508_44.7423986&locationName=Gradignan+%2833170%29 | https://trouverunlogement.lescrous.fr/tools/47/search?bounds=-0.7587897_44.8225797_-0.6029478_44.749435&locationName=Pessac+%2833600%29,2026-07-08T16:57:13+01:00,2026-07-08T16:57:13+01:00
2026-07-08T17:00:39+01:00,removed,cfe532b5cafa8037,EMILE DURKHEIM,Individuel,"406,23 €",406.23,,"18,5 m²",18.5,,"18,5 m² | Individuel | 1 lit simple | WC, Douche, Evier + plaque, Frigo",Allée Ausone / Avenue Léon Duguit 33600 PESSAC,https://trouverunlogement.lescrous.fr/tools/47/accommodations/1905,https://trouverunlogement.lescrous.fr/tools/47/search?bounds=-0.7587897_44.8225797_-0.6029478_44.749435&locationName=Pessac+%2833600%29,2026-07-08T16:54:14+01:00,2026-07-08T16:54:14+01:00
2026-07-08T17:18:13+01:00,added,8a7089e2646c5cbc,VILLAGE 3,Individuel,264 €,264,,9 m²,9,,"9 m² | Individuel | 1 lit simple | WC, Douche, Evier + plaque, Frigo",9 Esplanade des Antilles 33600 PESSAC,https://trouverunlogement.lescrous.fr/tools/47/accommodations/2282,https://trouverunlogement.lescrous.fr/tools/47/search?bounds=-0.7587897_44.8225797_-0.6029478_44.749435&locationName=Pessac+%2833600%29,2026-07-08T17:18:13+01:00,2026-07-08T17:18:13+01:00
2026-07-08T17:21:11+01:00,removed,8a7089e2646c5cbc,VILLAGE 3,Individuel,264 €,264,,9 m²,9,,"9 m² | Individuel | 1 lit simple | WC, Douche, Evier + plaque, Frigo",9 Esplanade des Antilles 33600 PESSAC,https://trouverunlogement.lescrous.fr/tools/47/accommodations/2282,https://trouverunlogement.lescrous.fr/tools/47/search?bounds=-0.7587897_44.8225797_-0.6029478_44.749435&locationName=Pessac+%2833600%29,2026-07-08T17:18:13+01:00,2026-07-08T17:18:13+01:00
2026-07-08T17:36:16+01:00,removed,9cd1ae8927f0637c,VILLAGE 2,Individuel,264 €,264,,"de 9,5 à 11,8 m²",9.5,11.8,"de 9,5 à 11,8 m² | Individuel | 1 lit simple | WC, Douche, Evier + plaque, Frigo",7 avenue PEY BERLAND 33600 PESSAC,https://trouverunlogement.lescrous.fr/tools/47/accommodations/1902,https://trouverunlogement.lescrous.fr/tools/47/search?bounds=-0.7569779_44.8627846_-0.6069396_44.7998378&locationName=Mérignac+%2833700%29 | https://trouverunlogement.lescrous.fr/tools/47/search?bounds=-0.7587897_44.8225797_-0.6029478_44.749435&locationName=Pessac+%2833600%29,2026-07-08T16:45:14+01:00,2026-07-08T16:45:14+01:00
2026-07-08T17:39:16+01:00,removed,2de9cd42059c7322,VILLAGE 3,Individuel,264 €,264,,9 m²,9,,"9 m² | Individuel | 1 lit simple | WC, Douche, Frigo",9 Esplanade des Antilles 33600 PESSAC,https://trouverunlogement.lescrous.fr/tools/47/accommodations/2249,https://trouverunlogement.lescrous.fr/tools/47/search?bounds=-0.7587897_44.8225797_-0.6029478_44.749435&locationName=Pessac+%2833600%29,2026-07-08T16:51:13+01:00,2026-07-08T16:51:13+01:00
2026-07-08T17:45:19+01:00,added,2de9cd42059c7322,VILLAGE 3,Individuel,264 €,264,,9 m²,9,,"9 m² | Individuel | 1 lit simple | WC, Douche, Frigo",9 Esplanade des Antilles 33600 PESSAC,https://trouverunlogement.lescrous.fr/tools/47/accommodations/2249,https://trouverunlogement.lescrous.fr/tools/47/search?bounds=-0.7587897_44.8225797_-0.6029478_44.749435&locationName=Pessac+%2833600%29,2026-07-08T17:45:19+01:00,2026-07-08T17:45:19+01:00
2026-07-08T17:48:15+01:00,added,9cd1ae8927f0637c,VILLAGE 2,Individuel,264 €,264,,"de 9,5 à 11,8 m²",9.5,11.8,"de 9,5 à 11,8 m² | Individuel | 1 lit simple | WC, Douche, Evier + plaque, Frigo",7 avenue PEY BERLAND 33600 PESSAC,https://trouverunlogement.lescrous.fr/tools/47/accommodations/1902,https://trouverunlogement.lescrous.fr/tools/47/search?bounds=-0.7569779_44.8627846_-0.6069396_44.7998378&locationName=Mérignac+%2833700%29 | https://trouverunlogement.lescrous.fr/tools/47/search?bounds=-0.7587897_44.8225797_-0.6029478_44.749435&locationName=Pessac+%2833600%29,2026-07-08T17:48:15+01:00,2026-07-08T17:48:15+01:00
2026-07-08T18:00:43+01:00,removed,9cd1ae8927f0637c,VILLAGE 2,Individuel,264 €,264,,"de 9,5 à 11,8 m²",9.5,11.8,"de 9,5 à 11,8 m² | Individuel | 1 lit simple | WC, Douche, Evier + plaque, Frigo",7 avenue PEY BERLAND 33600 PESSAC,https://trouverunlogement.lescrous.fr/tools/47/accommodations/1902,https://trouverunlogement.lescrous.fr/tools/47/search?bounds=-0.7569779_44.8627846_-0.6069396_44.7998378&locationName=Mérignac+%2833700%29 | https://trouverunlogement.lescrous.fr/tools/47/search?bounds=-0.7587897_44.8225797_-0.6029478_44.749435&locationName=Pessac+%2833600%29,2026-07-08T17:48:15+01:00,2026-07-08T17:48:15+01:00
2026-07-08T18:03:13+01:00,removed,2de9cd42059c7322,VILLAGE 3,Individuel,264 €,264,,9 m²,9,,"9 m² | Individuel | 1 lit simple | WC, Douche, Frigo",9 Esplanade des Antilles 33600 PESSAC,https://trouverunlogement.lescrous.fr/tools/47/accommodations/2249,https://trouverunlogement.lescrous.fr/tools/47/search?bounds=-0.7587897_44.8225797_-0.6029478_44.749435&locationName=Pessac+%2833600%29,2026-07-08T17:45:19+01:00,2026-07-08T17:45:19+01:00
2026-07-08T18:12:14+01:00,added,9cd1ae8927f0637c,VILLAGE 2,Individuel,264 €,264,,"de 9,5 à 11,8 m²",9.5,11.8,"de 9,5 à 11,8 m² | Individuel | 1 lit simple | WC, Douche, Evier + plaque, Frigo",7 avenue PEY BERLAND 33600 PESSAC,https://trouverunlogement.lescrous.fr/tools/47/accommodations/1902,https://trouverunlogement.lescrous.fr/tools/47/search?bounds=-0.7569779_44.8627846_-0.6069396_44.7998378&locationName=Mérignac+%2833700%29 | https://trouverunlogement.lescrous.fr/tools/47/search?bounds=-0.7587897_44.8225797_-0.6029478_44.749435&locationName=Pessac+%2833600%29,2026-07-08T18:12:14+01:00,2026-07-08T18:12:14+01:00
2026-07-08T18:18:17+01:00,removed,9cd1ae8927f0637c,VILLAGE 2,Individuel,264 €,264,,"de 9,5 à 11,8 m²",9.5,11.8,"de 9,5 à 11,8 m² | Individuel | 1 lit simple | WC, Douche, Evier + plaque, Frigo",7 avenue PEY BERLAND 33600 PESSAC,https://trouverunlogement.lescrous.fr/tools/47/accommodations/1902,https://trouverunlogement.lescrous.fr/tools/47/search?bounds=-0.7569779_44.8627846_-0.6069396_44.7998378&locationName=Mérignac+%2833700%29 | https://trouverunlogement.lescrous.fr/tools/47/search?bounds=-0.7587897_44.8225797_-0.6029478_44.749435&locationName=Pessac+%2833600%29,2026-07-08T18:12:14+01:00,2026-07-08T18:12:14+01:00
2026-07-08T18:27:13+01:00,added,cfe532b5cafa8037,EMILE DURKHEIM,Individuel,"406,23 €",406.23,,"18,5 m²",18.5,,"18,5 m² | Individuel | 1 lit simple | WC, Douche, Evier + plaque, Frigo",Allée Ausone / Avenue Léon Duguit 33600 PESSAC,https://trouverunlogement.lescrous.fr/tools/47/accommodations/1905,https://trouverunlogement.lescrous.fr/tools/47/search?bounds=-0.7587897_44.8225797_-0.6029478_44.749435&locationName=Pessac+%2833600%29,2026-07-08T18:27:13+01:00,2026-07-08T18:27:13+01:00
2026-07-08T18:36:16+01:00,removed,cfe532b5cafa8037,EMILE DURKHEIM,Individuel,"406,23 €",406.23,,"18,5 m²",18.5,,"18,5 m² | Individuel | 1 lit simple | WC, Douche, Evier + plaque, Frigo",Allée Ausone / Avenue Léon Duguit 33600 PESSAC,https://trouverunlogement.lescrous.fr/tools/47/accommodations/1905,https://trouverunlogement.lescrous.fr/tools/47/search?bounds=-0.7587897_44.8225797_-0.6029478_44.749435&locationName=Pessac+%2833600%29,2026-07-08T18:27:13+01:00,2026-07-08T18:27:13+01:00
2026-07-08T18:42:15+01:00,added,1137ce31aec2e81b,VILLAGE 1,Individuel,264 €,264,,"de 9,1 à 12,7 m²",9.1,12.7,"de 9,1 à 12,7 m² | Individuel | 1 lit simple | WC, Douche, Evier + plaque, Frigo",AVENUE COLLEGNO 33400 TALENCE,https://trouverunlogement.lescrous.fr/tools/47/accommodations/1660,https://trouverunlogement.lescrous.fr/tools/47/search?bounds=-0.6111634_44.8252468_-0.5726706_44.7868187&locationName=Talence+%2833400%29 | https://trouverunlogement.lescrous.fr/tools/47/search?bounds=-0.7587897_44.8225797_-0.6029478_44.749435&locationName=Pessac+%2833600%29,2026-07-08T18:42:15+01:00,2026-07-08T18:42:15+01:00
2026-07-08T18:45:13+01:00,removed,1137ce31aec2e81b,VILLAGE 1,Individuel,264 €,264,,"de 9,1 à 12,7 m²",9.1,12.7,"de 9,1 à 12,7 m² | Individuel | 1 lit simple | WC, Douche, Evier + plaque, Frigo",AVENUE COLLEGNO 33400 TALENCE,https://trouverunlogement.lescrous.fr/tools/47/accommodations/1660,https://trouverunlogement.lescrous.fr/tools/47/search?bounds=-0.6111634_44.8252468_-0.5726706_44.7868187&locationName=Talence+%2833400%29 | https://trouverunlogement.lescrous.fr/tools/47/search?bounds=-0.7587897_44.8225797_-0.6029478_44.749435&locationName=Pessac+%2833600%29,2026-07-08T18:42:15+01:00,2026-07-08T18:42:15+01:00
2026-07-08T19:18:14+01:00,added,cfe532b5cafa8037,EMILE DURKHEIM,Individuel,"406,23 €",406.23,,"18,5 m²",18.5,,"18,5 m² | Individuel | 1 lit simple | WC, Douche, Evier + plaque, Frigo",Allée Ausone / Avenue Léon Duguit 33600 PESSAC,https://trouverunlogement.lescrous.fr/tools/47/accommodations/1905,https://trouverunlogement.lescrous.fr/tools/47/search?bounds=-0.7587897_44.8225797_-0.6029478_44.749435&locationName=Pessac+%2833600%29,2026-07-08T19:18:14+01:00,2026-07-08T19:18:14+01:00
2026-07-08T19:24:16+01:00,removed,cfe532b5cafa8037,EMILE DURKHEIM,Individuel,"406,23 €",406.23,,"18,5 m²",18.5,,"18,5 m² | Individuel | 1 lit simple | WC, Douche, Evier + plaque, Frigo",Allée Ausone / Avenue Léon Duguit 33600 PESSAC,https://trouverunlogement.lescrous.fr/tools/47/accommodations/1905,https://trouverunlogement.lescrous.fr/tools/47/search?bounds=-0.7587897_44.8225797_-0.6029478_44.749435&locationName=Pessac+%2833600%29,2026-07-08T19:18:14+01:00,2026-07-08T19:18:14+01:00
2026-07-08T19:36:23+01:00,removed,f38597d54d0d396f,VILLAGE 5,Individuel,264 €,264,,"de 11,5 à 12 m²",11.5,12,"de 11,5 à 12 m² | Individuel | 1 lit simple | WC, Douche, Evier + plaque, Frigo",20 avenue de BARDANAC 33600 PESSAC,https://trouverunlogement.lescrous.fr/tools/47/accommodations/700,https://trouverunlogement.lescrous.fr/tools/47/search?bounds=-0.7587897_44.8225797_-0.6029478_44.749435&locationName=Pessac+%2833600%29,2026-07-08T16:45:14+01:00,2026-07-08T16:45:14+01:00
2026-07-08T20:30:39+01:00,added,cfe532b5cafa8037,EMILE DURKHEIM,Individuel,"406,23 €",406.23,,"18,5 m²",18.5,,"18,5 m² | Individuel | 1 lit simple | WC, Douche, Evier + plaque, Frigo",Allée Ausone / Avenue Léon Duguit 33600 PESSAC,https://trouverunlogement.lescrous.fr/tools/47/accommodations/1905,https://trouverunlogement.lescrous.fr/tools/47/search?bounds=-0.7587897_44.8225797_-0.6029478_44.749435&locationName=Pessac+%2833600%29,2026-07-08T20:30:39+01:00,2026-07-08T20:30:39+01:00
2026-07-08T20:33:14+01:00,removed,cfe532b5cafa8037,EMILE DURKHEIM,Individuel,"406,23 €",406.23,,"18,5 m²",18.5,,"18,5 m² | Individuel | 1 lit simple | WC, Douche, Evier + plaque, Frigo",Allée Ausone / Avenue Léon Duguit 33600 PESSAC,https://trouverunlogement.lescrous.fr/tools/47/accommodations/1905,https://trouverunlogement.lescrous.fr/tools/47/search?bounds=-0.7587897_44.8225797_-0.6029478_44.749435&locationName=Pessac+%2833600%29,2026-07-08T20:30:39+01:00,2026-07-08T20:30:39+01:00
2026-07-08T20:39:12+01:00,added,2de9cd42059c7322,VILLAGE 3,Individuel,264 €,264,,9 m²,9,,"9 m² | Individuel | 1 lit simple | WC, Douche, Frigo",9 Esplanade des Antilles 33600 PESSAC,https://trouverunlogement.lescrous.fr/tools/47/accommodations/2249,https://trouverunlogement.lescrous.fr/tools/47/search?bounds=-0.7587897_44.8225797_-0.6029478_44.749435&locationName=Pessac+%2833600%29,2026-07-08T20:39:12+01:00,2026-07-08T20:39:12+01:00
2026-07-08T20:48:14+01:00,removed,2de9cd42059c7322,VILLAGE 3,Individuel,264 €,264,,9 m²,9,,"9 m² | Individuel | 1 lit simple | WC, Douche, Frigo",9 Esplanade des Antilles 33600 PESSAC,https://trouverunlogement.lescrous.fr/tools/47/accommodations/2249,https://trouverunlogement.lescrous.fr/tools/47/search?bounds=-0.7587897_44.8225797_-0.6029478_44.749435&locationName=Pessac+%2833600%29,2026-07-08T20:39:12+01:00,2026-07-08T20:39:12+01:00
2026-07-08T22:48:11+01:00,added,9cd1ae8927f0637c,VILLAGE 2,Individuel,264 €,264,,"de 9,5 à 11,8 m²",9.5,11.8,"de 9,5 à 11,8 m² | Individuel | 1 lit simple | WC, Douche, Evier + plaque, Frigo",7 avenue PEY BERLAND 33600 PESSAC,https://trouverunlogement.lescrous.fr/tools/47/accommodations/1902,https://trouverunlogement.lescrous.fr/tools/47/search?bounds=-0.7569779_44.8627846_-0.6069396_44.7998378&locationName=Mérignac+%2833700%29 | https://trouverunlogement.lescrous.fr/tools/47/search?bounds=-0.7587897_44.8225797_-0.6029478_44.749435&locationName=Pessac+%2833600%29,2026-07-08T22:48:11+01:00,2026-07-08T22:48:11+01:00
2026-07-08T22:51:14+01:00,removed,9cd1ae8927f0637c,VILLAGE 2,Individuel,264 €,264,,"de 9,5 à 11,8 m²",9.5,11.8,"de 9,5 à 11,8 m² | Individuel | 1 lit simple | WC, Douche, Evier + plaque, Frigo",7 avenue PEY BERLAND 33600 PESSAC,https://trouverunlogement.lescrous.fr/tools/47/accommodations/1902,https://trouverunlogement.lescrous.fr/tools/47/search?bounds=-0.7569779_44.8627846_-0.6069396_44.7998378&locationName=Mérignac+%2833700%29 | https://trouverunlogement.lescrous.fr/tools/47/search?bounds=-0.7587897_44.8225797_-0.6029478_44.749435&locationName=Pessac+%2833600%29,2026-07-08T22:48:11+01:00,2026-07-08T22:48:11+01:00
2026-07-08T23:06:17+01:00,added,1137ce31aec2e81b,VILLAGE 1,Individuel,264 €,264,,"de 9,1 à 12,7 m²",9.1,12.7,"de 9,1 à 12,7 m² | Individuel | 1 lit simple | WC, Douche, Evier + plaque, Frigo",AVENUE COLLEGNO 33400 TALENCE,https://trouverunlogement.lescrous.fr/tools/47/accommodations/1660,https://trouverunlogement.lescrous.fr/tools/47/search?bounds=-0.6111634_44.8252468_-0.5726706_44.7868187&locationName=Talence+%2833400%29 | https://trouverunlogement.lescrous.fr/tools/47/search?bounds=-0.7587897_44.8225797_-0.6029478_44.749435&locationName=Pessac+%2833600%29,2026-07-08T23:06:17+01:00,2026-07-08T23:06:17+01:00
2026-07-08T23:21:11+01:00,removed,1137ce31aec2e81b,VILLAGE 1,Individuel,264 €,264,,"de 9,1 à 12,7 m²",9.1,12.7,"de 9,1 à 12,7 m² | Individuel | 1 lit simple | WC, Douche, Evier + plaque, Frigo",AVENUE COLLEGNO 33400 TALENCE,https://trouverunlogement.lescrous.fr/tools/47/accommodations/1660,https://trouverunlogement.lescrous.fr/tools/47/search?bounds=-0.6111634_44.8252468_-0.5726706_44.7868187&locationName=Talence+%2833400%29 | https://trouverunlogement.lescrous.fr/tools/47/search?bounds=-0.7587897_44.8225797_-0.6029478_44.749435&locationName=Pessac+%2833600%29,2026-07-08T23:06:17+01:00,2026-07-08T23:06:17+01:00
2026-07-09T07:27:14+01:00,added,1137ce31aec2e81b,VILLAGE 1,Individuel,264 €,264,,"de 9,1 à 12,7 m²",9.1,12.7,"de 9,1 à 12,7 m² | Individuel | 1 lit simple | WC, Douche, Evier + plaque, Frigo",AVENUE COLLEGNO 33400 TALENCE,https://trouverunlogement.lescrous.fr/tools/47/accommodations/1660,https://trouverunlogement.lescrous.fr/tools/47/search?bounds=-0.6111634_44.8252468_-0.5726706_44.7868187&locationName=Talence+%2833400%29 | https://trouverunlogement.lescrous.fr/tools/47/search?bounds=-0.7587897_44.8225797_-0.6029478_44.749435&locationName=Pessac+%2833600%29,2026-07-09T07:27:14+01:00,2026-07-09T07:27:14+01:00
2026-07-09T07:30:38+01:00,added,2de9cd42059c7322,VILLAGE 3,Individuel,264 €,264,,9 m²,9,,"9 m² | Individuel | 1 lit simple | WC, Douche, Frigo",9 Esplanade des Antilles 33600 PESSAC,https://trouverunlogement.lescrous.fr/tools/47/accommodations/2249,https://trouverunlogement.lescrous.fr/tools/47/search?bounds=-0.7587897_44.8225797_-0.6029478_44.749435&locationName=Pessac+%2833600%29,2026-07-09T07:30:38+01:00,2026-07-09T07:30:38+01:00
2026-07-09T07:30:38+01:00,removed,1137ce31aec2e81b,VILLAGE 1,Individuel,264 €,264,,"de 9,1 à 12,7 m²",9.1,12.7,"de 9,1 à 12,7 m² | Individuel | 1 lit simple | WC, Douche, Evier + plaque, Frigo",AVENUE COLLEGNO 33400 TALENCE,https://trouverunlogement.lescrous.fr/tools/47/accommodations/1660,https://trouverunlogement.lescrous.fr/tools/47/search?bounds=-0.6111634_44.8252468_-0.5726706_44.7868187&locationName=Talence+%2833400%29 | https://trouverunlogement.lescrous.fr/tools/47/search?bounds=-0.7587897_44.8225797_-0.6029478_44.749435&locationName=Pessac+%2833600%29,2026-07-09T07:27:14+01:00,2026-07-09T07:27:14+01:00
2026-07-09T07:36:16+01:00,added,8a7089e2646c5cbc,VILLAGE 3,Individuel,264 €,264,,9 m²,9,,"9 m² | Individuel | 1 lit simple | WC, Douche, Evier + plaque, Frigo",9 Esplanade des Antilles 33600 PESSAC,https://trouverunlogement.lescrous.fr/tools/47/accommodations/2282,https://trouverunlogement.lescrous.fr/tools/47/search?bounds=-0.7587897_44.8225797_-0.6029478_44.749435&locationName=Pessac+%2833600%29,2026-07-09T07:36:16+01:00,2026-07-09T07:36:16+01:00
2026-07-09T07:39:12+01:00,added,cfe532b5cafa8037,EMILE DURKHEIM,Individuel,"406,23 €",406.23,,"18,5 m²",18.5,,"18,5 m² | Individuel | 1 lit simple | WC, Douche, Evier + plaque, Frigo",Allée Ausone / Avenue Léon Duguit 33600 PESSAC,https://trouverunlogement.lescrous.fr/tools/47/accommodations/1905,https://trouverunlogement.lescrous.fr/tools/47/search?bounds=-0.7587897_44.8225797_-0.6029478_44.749435&locationName=Pessac+%2833600%29,2026-07-09T07:39:12+01:00,2026-07-09T07:39:12+01:00
2026-07-09T07:52:15+01:00,added,1137ce31aec2e81b,VILLAGE 1,Individuel,264 €,264,,"de 9,1 à 12,7 m²",9.1,12.7,"de 9,1 à 12,7 m² | Individuel | 1 lit simple | WC, Douche, Evier + plaque, Frigo",AVENUE COLLEGNO 33400 TALENCE,https://trouverunlogement.lescrous.fr/tools/47/accommodations/1660,https://trouverunlogement.lescrous.fr/tools/47/search?bounds=-0.6111634_44.8252468_-0.5726706_44.7868187&locationName=Talence+%2833400%29 | https://trouverunlogement.lescrous.fr/tools/47/search?bounds=-0.7587897_44.8225797_-0.6029478_44.749435&locationName=Pessac+%2833600%29,2026-07-09T07:52:15+01:00,2026-07-09T07:52:15+01:00
2026-07-09T07:52:15+01:00,removed,2de9cd42059c7322,VILLAGE 3,Individuel,264 €,264,,9 m²,9,,"9 m² | Individuel | 1 lit simple | WC, Douche, Frigo",9 Esplanade des Antilles 33600 PESSAC,https://trouverunlogement.lescrous.fr/tools/47/accommodations/2249,https://trouverunlogement.lescrous.fr/tools/47/search?bounds=-0.7587897_44.8225797_-0.6029478_44.749435&locationName=Pessac+%2833600%29,2026-07-09T07:30:38+01:00,2026-07-09T07:30:38+01:00
2026-07-09T08:02:37+01:00,added,faaae04ffafe2023,JOSEPHINE BAKER,Individuel,"397,55 €",397.55,,16 m²,16,,"16 m² | Individuel | 1 lit simple | WC, Douche, Evier + plaque, Frigo",8 Rue Lucie Aubrac 33600 PESSAC,https://trouverunlogement.lescrous.fr/tools/47/accommodations/330,https://trouverunlogement.lescrous.fr/tools/47/search?bounds=-0.6471483_44.7938687_-0.5854508_44.7423986&locationName=Gradignan+%2833170%29 | https://trouverunlogement.lescrous.fr/tools/47/search?bounds=-0.7587897_44.8225797_-0.6029478_44.749435&locationName=Pessac+%2833600%29,2026-07-09T08:02:37+01:00,2026-07-09T08:02:37+01:00
2026-07-09T08:02:37+01:00,removed,8a7089e2646c5cbc,VILLAGE 3,Individuel,264 €,264,,9 m²,9,,"9 m² | Individuel | 1 lit simple | WC, Douche, Evier + plaque, Frigo",9 Esplanade des Antilles 33600 PESSAC,https://trouverunlogement.lescrous.fr/tools/47/accommodations/2282,https://trouverunlogement.lescrous.fr/tools/47/search?bounds=-0.7587897_44.8225797_-0.6029478_44.749435&locationName=Pessac+%2833600%29,2026-07-09T07:36:16+01:00,2026-07-09T07:36:16+01:00
2026-07-09T08:13:23+01:00,added,2de9cd42059c7322,VILLAGE 3,Individuel,264 €,264,,9 m²,9,,"9 m² | Individuel | 1 lit simple | WC, Douche, Frigo",9 Esplanade des Antilles 33600 PESSAC,https://trouverunlogement.lescrous.fr/tools/47/accommodations/2249,https://trouverunlogement.lescrous.fr/tools/47/search?bounds=-0.7587897_44.8225797_-0.6029478_44.749435&locationName=Pessac+%2833600%29,2026-07-09T08:13:23+01:00,2026-07-09T08:13:23+01:00
2026-07-09T08:13:23+01:00,removed,faaae04ffafe2023,JOSEPHINE BAKER,Individuel,"397,55 €",397.55,,16 m²,16,,"16 m² | Individuel | 1 lit simple | WC, Douche, Evier + plaque, Frigo",8 Rue Lucie Aubrac 33600 PESSAC,https://trouverunlogement.lescrous.fr/tools/47/accommodations/330,https://trouverunlogement.lescrous.fr/tools/47/search?bounds=-0.6471483_44.7938687_-0.5854508_44.7423986&locationName=Gradignan+%2833170%29 | https://trouverunlogement.lescrous.fr/tools/47/search?bounds=-0.7587897_44.8225797_-0.6029478_44.749435&locationName=Pessac+%2833600%29,2026-07-09T08:02:37+01:00,2026-07-09T08:02:37+01:00
2026-07-09T08:18:21+01:00,added,f38597d54d0d396f,VILLAGE 5,Individuel,264 €,264,,"de 11,5 à 12 m²",11.5,12,"de 11,5 à 12 m² | Individuel | 1 lit simple | WC, Douche, Evier + plaque, Frigo",20 avenue de BARDANAC 33600 PESSAC,https://trouverunlogement.lescrous.fr/tools/47/accommodations/700,https://trouverunlogement.lescrous.fr/tools/47/search?bounds=-0.7587897_44.8225797_-0.6029478_44.749435&locationName=Pessac+%2833600%29,2026-07-09T08:18:21+01:00,2026-07-09T08:18:21+01:00
2026-07-09T08:26:21+01:00,removed,1137ce31aec2e81b,VILLAGE 1,Individuel,264 €,264,,"de 9,1 à 12,7 m²",9.1,12.7,"de 9,1 à 12,7 m² | Individuel | 1 lit simple | WC, Douche, Evier + plaque, Frigo",AVENUE COLLEGNO 33400 TALENCE,https://trouverunlogement.lescrous.fr/tools/47/accommodations/1660,https://trouverunlogement.lescrous.fr/tools/47/search?bounds=-0.6111634_44.8252468_-0.5726706_44.7868187&locationName=Talence+%2833400%29 | https://trouverunlogement.lescrous.fr/tools/47/search?bounds=-0.7587897_44.8225797_-0.6029478_44.749435&locationName=Pessac+%2833600%29,2026-07-09T07:52:15+01:00,2026-07-09T07:52:15+01:00
2026-07-09T08:26:21+01:00,removed,f38597d54d0d396f,VILLAGE 5,Individuel,264 €,264,,"de 11,5 à 12 m²",11.5,12,"de 11,5 à 12 m² | Individuel | 1 lit simple | WC, Douche, Evier + plaque, Frigo",20 avenue de BARDANAC 33600 PESSAC,https://trouverunlogement.lescrous.fr/tools/47/accommodations/700,https://trouverunlogement.lescrous.fr/tools/47/search?bounds=-0.7587897_44.8225797_-0.6029478_44.749435&locationName=Pessac+%2833600%29,2026-07-09T08:18:21+01:00,2026-07-09T08:18:21+01:00
2026-07-09T08:30:43+01:00,added,f38597d54d0d396f,VILLAGE 5,Individuel,264 €,264,,"de 11,5 à 12 m²",11.5,12,"de 11,5 à 12 m² | Individuel | 1 lit simple | WC, Douche, Evier + plaque, Frigo",20 avenue de BARDANAC 33600 PESSAC,https://trouverunlogement.lescrous.fr/tools/47/accommodations/700,https://trouverunlogement.lescrous.fr/tools/47/search?bounds=-0.7587897_44.8225797_-0.6029478_44.749435&locationName=Pessac+%2833600%29,2026-07-09T08:30:43+01:00,2026-07-09T08:30:43+01:00
2026-07-09T08:56:56+01:00,added,faaae04ffafe2023,JOSEPHINE BAKER,Individuel,"397,55 €",397.55,,16 m²,16,,"16 m² | Individuel | 1 lit simple | WC, Douche, Evier + plaque, Frigo",8 Rue Lucie Aubrac 33600 PESSAC,https://trouverunlogement.lescrous.fr/tools/47/accommodations/330,https://trouverunlogement.lescrous.fr/tools/47/search?bounds=-0.6471483_44.7938687_-0.5854508_44.7423986&locationName=Gradignan+%2833170%29 | https://trouverunlogement.lescrous.fr/tools/47/search?bounds=-0.7587897_44.8225797_-0.6029478_44.749435&locationName=Pessac+%2833600%29,2026-07-09T08:56:56+01:00,2026-07-09T08:56:56+01:00
2026-07-09T08:57:18+01:00,removed,faaae04ffafe2023,JOSEPHINE BAKER,Individuel,"397,55 €",397.55,,16 m²,16,,"16 m² | Individuel | 1 lit simple | WC, Douche, Evier + plaque, Frigo",8 Rue Lucie Aubrac 33600 PESSAC,https://trouverunlogement.lescrous.fr/tools/47/accommodations/330,https://trouverunlogement.lescrous.fr/tools/47/search?bounds=-0.6471483_44.7938687_-0.5854508_44.7423986&locationName=Gradignan+%2833170%29 | https://trouverunlogement.lescrous.fr/tools/47/search?bounds=-0.7587897_44.8225797_-0.6029478_44.749435&locationName=Pessac+%2833600%29,2026-07-09T08:56:56+01:00,2026-07-09T08:56:56+01:00
2026-07-09T09:10:44+01:00,removed,2de9cd42059c7322,VILLAGE 3,Individuel,264 €,264,,9 m²,9,,"9 m² | Individuel | 1 lit simple | WC, Douche, Frigo",9 Esplanade des Antilles 33600 PESSAC,https://trouverunlogement.lescrous.fr/tools/47/accommodations/2249,https://trouverunlogement.lescrous.fr/tools/47/search?bounds=-0.7587897_44.8225797_-0.6029478_44.749435&locationName=Pessac+%2833600%29,2026-07-09T08:13:23+01:00,2026-07-09T08:13:23+01:00
2026-07-09T09:10:44+01:00,removed,cfe532b5cafa8037,EMILE DURKHEIM,Individuel,"406,23 €",406.23,,"18,5 m²",18.5,,"18,5 m² | Individuel | 1 lit simple | WC, Douche, Evier + plaque, Frigo",Allée Ausone / Avenue Léon Duguit 33600 PESSAC,https://trouverunlogement.lescrous.fr/tools/47/accommodations/1905,https://trouverunlogement.lescrous.fr/tools/47/search?bounds=-0.7587897_44.8225797_-0.6029478_44.749435&locationName=Pessac+%2833600%29,2026-07-09T07:39:12+01:00,2026-07-09T07:39:12+01:00
2026-07-09T09:21:14+01:00,added,2de9cd42059c7322,VILLAGE 3,Individuel,264 €,264,,9 m²,9,,"9 m² | Individuel | 1 lit simple | WC, Douche, Frigo",9 Esplanade des Antilles 33600 PESSAC,https://trouverunlogement.lescrous.fr/tools/47/accommodations/2249,https://trouverunlogement.lescrous.fr/tools/47/search?bounds=-0.7587897_44.8225797_-0.6029478_44.749435&locationName=Pessac+%2833600%29,2026-07-09T09:21:14+01:00,2026-07-09T09:21:14+01:00
2026-07-09T09:34:16+01:00,added,9cd1ae8927f0637c,VILLAGE 2,Individuel,264 €,264,,"de 9,5 à 11,8 m²",9.5,11.8,"de 9,5 à 11,8 m² | Individuel | 1 lit simple | WC, Douche, Evier + plaque, Frigo",7 avenue PEY BERLAND 33600 PESSAC,https://trouverunlogement.lescrous.fr/tools/47/accommodations/1902,https://trouverunlogement.lescrous.fr/tools/47/search?bounds=-0.7569779_44.8627846_-0.6069396_44.7998378&locationName=Mérignac+%2833700%29 | https://trouverunlogement.lescrous.fr/tools/47/search?bounds=-0.7587897_44.8225797_-0.6029478_44.749435&locationName=Pessac+%2833600%29,2026-07-09T09:34:16+01:00,2026-07-09T09:34:16+01:00
2026-07-09T09:34:16+01:00,added,8a7089e2646c5cbc,VILLAGE 3,Individuel,264 €,264,,9 m²,9,,"9 m² | Individuel | 1 lit simple | WC, Douche, Evier + plaque, Frigo",9 Esplanade des Antilles 33600 PESSAC,https://trouverunlogement.lescrous.fr/tools/47/accommodations/2282,https://trouverunlogement.lescrous.fr/tools/47/search?bounds=-0.7587897_44.8225797_-0.6029478_44.749435&locationName=Pessac+%2833600%29,2026-07-09T09:34:16+01:00,2026-07-09T09:34:16+01:00
2026-07-09T09:49:37+01:00,added,cfe532b5cafa8037,EMILE DURKHEIM,Individuel,"406,23 €",406.23,,"18,5 m²",18.5,,"18,5 m² | Individuel | 1 lit simple | WC, Douche, Evier + plaque, Frigo",Allée Ausone / Avenue Léon Duguit 33600 PESSAC,https://trouverunlogement.lescrous.fr/tools/47/accommodations/1905,https://trouverunlogement.lescrous.fr/tools/47/search?bounds=-0.7587897_44.8225797_-0.6029478_44.749435&locationName=Pessac+%2833600%29,2026-07-09T09:49:37+01:00,2026-07-09T09:49:37+01:00
2026-07-09T09:49:37+01:00,removed,9cd1ae8927f0637c,VILLAGE 2,Individuel,264 €,264,,"de 9,5 à 11,8 m²",9.5,11.8,"de 9,5 à 11,8 m² | Individuel | 1 lit simple | WC, Douche, Evier + plaque, Frigo",7 avenue PEY BERLAND 33600 PESSAC,https://trouverunlogement.lescrous.fr/tools/47/accommodations/1902,https://trouverunlogement.lescrous.fr/tools/47/search?bounds=-0.7569779_44.8627846_-0.6069396_44.7998378&locationName=Mérignac+%2833700%29 | https://trouverunlogement.lescrous.fr/tools/47/search?bounds=-0.7587897_44.8225797_-0.6029478_44.749435&locationName=Pessac+%2833600%29,2026-07-09T09:34:16+01:00,2026-07-09T09:34:16+01:00
2026-07-09T09:49:37+01:00,removed,8a7089e2646c5cbc,VILLAGE 3,Individuel,264 €,264,,9 m²,9,,"9 m² | Individuel | 1 lit simple | WC, Douche, Evier + plaque, Frigo",9 Esplanade des Antilles 33600 PESSAC,https://trouverunlogement.lescrous.fr/tools/47/accommodations/2282,https://trouverunlogement.lescrous.fr/tools/47/search?bounds=-0.7587897_44.8225797_-0.6029478_44.749435&locationName=Pessac+%2833600%29,2026-07-09T09:34:16+01:00,2026-07-09T09:34:16+01:00
2026-07-09T09:56:16+01:00,added,1137ce31aec2e81b,VILLAGE 1,Individuel,264 €,264,,"de 9,1 à 12,7 m²",9.1,12.7,"de 9,1 à 12,7 m² | Individuel | 1 lit simple | WC, Douche, Evier + plaque, Frigo",AVENUE COLLEGNO 33400 TALENCE,https://trouverunlogement.lescrous.fr/tools/47/accommodations/1660,https://trouverunlogement.lescrous.fr/tools/47/search?bounds=-0.6111634_44.8252468_-0.5726706_44.7868187&locationName=Talence+%2833400%29 | https://trouverunlogement.lescrous.fr/tools/47/search?bounds=-0.7587897_44.8225797_-0.6029478_44.749435&locationName=Pessac+%2833600%29,2026-07-09T09:56:16+01:00,2026-07-09T09:56:16+01:00
2026-07-09T09:56:16+01:00,removed,cfe532b5cafa8037,EMILE DURKHEIM,Individuel,"406,23 €",406.23,,"18,5 m²",18.5,,"18,5 m² | Individuel | 1 lit simple | WC, Douche, Evier + plaque, Frigo",Allée Ausone / Avenue Léon Duguit 33600 PESSAC,https://trouverunlogement.lescrous.fr/tools/47/accommodations/1905,https://trouverunlogement.lescrous.fr/tools/47/search?bounds=-0.7587897_44.8225797_-0.6029478_44.749435&locationName=Pessac+%2833600%29,2026-07-09T09:49:37+01:00,2026-07-09T09:49:37+01:00
2026-07-09T09:56:34+01:00,added,9cd1ae8927f0637c,VILLAGE 2,Individuel,264 €,264,,"de 9,5 à 11,8 m²",9.5,11.8,"de 9,5 à 11,8 m² | Individuel | 1 lit simple | WC, Douche, Evier + plaque, Frigo",7 avenue PEY BERLAND 33600 PESSAC,https://trouverunlogement.lescrous.fr/tools/47/accommodations/1902,https://trouverunlogement.lescrous.fr/tools/47/search?bounds=-0.7569779_44.8627846_-0.6069396_44.7998378&locationName=Mérignac+%2833700%29 | https://trouverunlogement.lescrous.fr/tools/47/search?bounds=-0.7587897_44.8225797_-0.6029478_44.749435&locationName=Pessac+%2833600%29,2026-07-09T09:56:34+01:00,2026-07-09T09:56:34+01:00
2026-07-09T09:56:34+01:00,removed,1137ce31aec2e81b,VILLAGE 1,Individuel,264 €,264,,"de 9,1 à 12,7 m²",9.1,12.7,"de 9,1 à 12,7 m² | Individuel | 1 lit simple | WC, Douche, Evier + plaque, Frigo",AVENUE COLLEGNO 33400 TALENCE,https://trouverunlogement.lescrous.fr/tools/47/accommodations/1660,https://trouverunlogement.lescrous.fr/tools/47/search?bounds=-0.6111634_44.8252468_-0.5726706_44.7868187&locationName=Talence+%2833400%29 | https://trouverunlogement.lescrous.fr/tools/47/search?bounds=-0.7587897_44.8225797_-0.6029478_44.749435&locationName=Pessac+%2833600%29,2026-07-09T09:56:16+01:00,2026-07-09T09:56:16+01:00
2026-07-09T09:56:34+01:00,removed,2de9cd42059c7322,VILLAGE 3,Individuel,264 €,264,,9 m²,9,,"9 m² | Individuel | 1 lit simple | WC, Douche, Frigo",9 Esplanade des Antilles 33600 PESSAC,https://trouverunlogement.lescrous.fr/tools/47/accommodations/2249,https://trouverunlogement.lescrous.fr/tools/47/search?bounds=-0.7587897_44.8225797_-0.6029478_44.749435&locationName=Pessac+%2833600%29,2026-07-09T09:21:14+01:00,2026-07-09T09:21:14+01:00
2026-07-09T10:07:16+01:00,added,2de9cd42059c7322,VILLAGE 3,Individuel,264 €,264,,9 m²,9,,"9 m² | Individuel | 1 lit simple | WC, Douche, Frigo",9 Esplanade des Antilles 33600 PESSAC,https://trouverunlogement.lescrous.fr/tools/47/accommodations/2249,https://trouverunlogement.lescrous.fr/tools/47/search?bounds=-0.7587897_44.8225797_-0.6029478_44.749435&locationName=Pessac+%2833600%29,2026-07-09T10:07:16+01:00,2026-07-09T10:07:16+01:00
2026-07-09T10:07:16+01:00,added,8a7089e2646c5cbc,VILLAGE 3,Individuel,264 €,264,,9 m²,9,,"9 m² | Individuel | 1 lit simple | WC, Douche, Evier + plaque, Frigo",9 Esplanade des Antilles 33600 PESSAC,https://trouverunlogement.lescrous.fr/tools/47/accommodations/2282,https://trouverunlogement.lescrous.fr/tools/47/search?bounds=-0.7587897_44.8225797_-0.6029478_44.749435&locationName=Pessac+%2833600%29,2026-07-09T10:07:16+01:00,2026-07-09T10:07:16+01:00
2026-07-09T10:07:16+01:00,removed,9cd1ae8927f0637c,VILLAGE 2,Individuel,264 €,264,,"de 9,5 à 11,8 m²",9.5,11.8,"de 9,5 à 11,8 m² | Individuel | 1 lit simple | WC, Douche, Evier + plaque, Frigo",7 avenue PEY BERLAND 33600 PESSAC,https://trouverunlogement.lescrous.fr/tools/47/accommodations/1902,https://trouverunlogement.lescrous.fr/tools/47/search?bounds=-0.7569779_44.8627846_-0.6069396_44.7998378&locationName=Mérignac+%2833700%29 | https://trouverunlogement.lescrous.fr/tools/47/search?bounds=-0.7587897_44.8225797_-0.6029478_44.749435&locationName=Pessac+%2833600%29,2026-07-09T09:56:34+01:00,2026-07-09T09:56:34+01:00
2026-07-09T10:07:46+01:00,added,9cd1ae8927f0637c,VILLAGE 2,Individuel,264 €,264,,"de 9,5 à 11,8 m²",9.5,11.8,"de 9,5 à 11,8 m² | Individuel | 1 lit simple | WC, Douche, Evier + plaque, Frigo",7 avenue PEY BERLAND 33600 PESSAC,https://trouverunlogement.lescrous.fr/tools/47/accommodations/1902,https://trouverunlogement.lescrous.fr/tools/47/search?bounds=-0.7569779_44.8627846_-0.6069396_44.7998378&locationName=Mérignac+%2833700%29 | https://trouverunlogement.lescrous.fr/tools/47/search?bounds=-0.7587897_44.8225797_-0.6029478_44.749435&locationName=Pessac+%2833600%29,2026-07-09T10:07:46+01:00,2026-07-09T10:07:46+01:00
2026-07-09T10:09:20+01:00,removed,2de9cd42059c7322,VILLAGE 3,Individuel,264 €,264,,9 m²,9,,"9 m² | Individuel | 1 lit simple | WC, Douche, Frigo",9 Esplanade des Antilles 33600 PESSAC,https://trouverunlogement.lescrous.fr/tools/47/accommodations/2249,https://trouverunlogement.lescrous.fr/tools/47/search?bounds=-0.7587897_44.8225797_-0.6029478_44.749435&locationName=Pessac+%2833600%29,2026-07-09T10:07:16+01:00,2026-07-09T10:07:16+01:00
2026-07-09T10:09:20+01:00,removed,8a7089e2646c5cbc,VILLAGE 3,Individuel,264 €,264,,9 m²,9,,"9 m² | Individuel | 1 lit simple | WC, Douche, Evier + plaque, Frigo",9 Esplanade des Antilles 33600 PESSAC,https://trouverunlogement.lescrous.fr/tools/47/accommodations/2282,https://trouverunlogement.lescrous.fr/tools/47/search?bounds=-0.7587897_44.8225797_-0.6029478_44.749435&locationName=Pessac+%2833600%29,2026-07-09T10:07:16+01:00,2026-07-09T10:07:16+01:00
2026-07-09T10:22:16+01:00,added,8a7089e2646c5cbc,VILLAGE 3,Individuel,264 €,264,,9 m²,9,,"9 m² | Individuel | 1 lit simple | WC, Douche, Evier + plaque, Frigo",9 Esplanade des Antilles 33600 PESSAC,https://trouverunlogement.lescrous.fr/tools/47/accommodations/2282,https://trouverunlogement.lescrous.fr/tools/47/search?bounds=-0.7587897_44.8225797_-0.6029478_44.749435&locationName=Pessac+%2833600%29,2026-07-09T10:22:16+01:00,2026-07-09T10:22:16+01:00
2026-07-09T10:22:16+01:00,added,2de9cd42059c7322,VILLAGE 3,Individuel,264 €,264,,9 m²,9,,"9 m² | Individuel | 1 lit simple | WC, Douche, Frigo",9 Esplanade des Antilles 33600 PESSAC,https://trouverunlogement.lescrous.fr/tools/47/accommodations/2249,https://trouverunlogement.lescrous.fr/tools/47/search?bounds=-0.7587897_44.8225797_-0.6029478_44.749435&locationName=Pessac+%2833600%29,2026-07-09T10:22:16+01:00,2026-07-09T10:22:16+01:00
2026-07-09T10:22:16+01:00,removed,9cd1ae8927f0637c,VILLAGE 2,Individuel,264 €,264,,"de 9,5 à 11,8 m²",9.5,11.8,"de 9,5 à 11,8 m² | Individuel | 1 lit simple | WC, Douche, Evier + plaque, Frigo",7 avenue PEY BERLAND 33600 PESSAC,https://trouverunlogement.lescrous.fr/tools/47/accommodations/1902,https://trouverunlogement.lescrous.fr/tools/47/search?bounds=-0.7569779_44.8627846_-0.6069396_44.7998378&locationName=Mérignac+%2833700%29 | https://trouverunlogement.lescrous.fr/tools/47/search?bounds=-0.7587897_44.8225797_-0.6029478_44.749435&locationName=Pessac+%2833600%29,2026-07-09T10:07:46+01:00,2026-07-09T10:07:46+01:00
2026-07-09T10:47:19+01:00,removed,8a7089e2646c5cbc,VILLAGE 3,Individuel,264 €,264,,9 m²,9,,"9 m² | Individuel | 1 lit simple | WC, Douche, Evier + plaque, Frigo",9 Esplanade des Antilles 33600 PESSAC,https://trouverunlogement.lescrous.fr/tools/47/accommodations/2282,https://trouverunlogement.lescrous.fr/tools/47/search?bounds=-0.7587897_44.8225797_-0.6029478_44.749435&locationName=Pessac+%2833600%29,2026-07-09T10:22:16+01:00,2026-07-09T10:22:16+01:00
2026-07-09T10:47:19+01:00,removed,f38597d54d0d396f,VILLAGE 5,Individuel,264 €,264,,"de 11,5 à 12 m²",11.5,12,"de 11,5 à 12 m² | Individuel | 1 lit simple | WC, Douche, Evier + plaque, Frigo",20 avenue de BARDANAC 33600 PESSAC,https://trouverunlogement.lescrous.fr/tools/47/accommodations/700,https://trouverunlogement.lescrous.fr/tools/47/search?bounds=-0.7587897_44.8225797_-0.6029478_44.749435&locationName=Pessac+%2833600%29,2026-07-09T08:30:43+01:00,2026-07-09T08:30:43+01:00
2026-07-09T11:04:22+01:00,added,8a7089e2646c5cbc,VILLAGE 3,Individuel,264 €,264,,9 m²,9,,"9 m² | Individuel | 1 lit simple | WC, Douche, Evier + plaque, Frigo",9 Esplanade des Antilles 33600 PESSAC,https://trouverunlogement.lescrous.fr/tools/47/accommodations/2282,https://trouverunlogement.lescrous.fr/tools/47/search?bounds=-0.7587897_44.8225797_-0.6029478_44.749435&locationName=Pessac+%2833600%29,2026-07-09T11:04:22+01:00,2026-07-09T11:04:22+01:00
2026-07-09T11:04:22+01:00,removed,2de9cd42059c7322,VILLAGE 3,Individuel,264 €,264,,9 m²,9,,"9 m² | Individuel | 1 lit simple | WC, Douche, Frigo",9 Esplanade des Antilles 33600 PESSAC,https://trouverunlogement.lescrous.fr/tools/47/accommodations/2249,https://trouverunlogement.lescrous.fr/tools/47/search?bounds=-0.7587897_44.8225797_-0.6029478_44.749435&locationName=Pessac+%2833600%29,2026-07-09T10:22:16+01:00,2026-07-09T10:22:16+01:00
2026-07-09T11:18:16+01:00,added,2de9cd42059c7322,VILLAGE 3,Individuel,264 €,264,,9 m²,9,,"9 m² | Individuel | 1 lit simple | WC, Douche, Frigo",9 Esplanade des Antilles 33600 PESSAC,https://trouverunlogement.lescrous.fr/tools/47/accommodations/2249,https://trouverunlogement.lescrous.fr/tools/47/search?bounds=-0.7587897_44.8225797_-0.6029478_44.749435&locationName=Pessac+%2833600%29,2026-07-09T11:18:16+01:00,2026-07-09T11:18:16+01:00
2026-07-09T11:21:20+01:00,removed,2de9cd42059c7322,VILLAGE 3,Individuel,264 €,264,,9 m²,9,,"9 m² | Individuel | 1 lit simple | WC, Douche, Frigo",9 Esplanade des Antilles 33600 PESSAC,https://trouverunlogement.lescrous.fr/tools/47/accommodations/2249,https://trouverunlogement.lescrous.fr/tools/47/search?bounds=-0.7587897_44.8225797_-0.6029478_44.749435&locationName=Pessac+%2833600%29,2026-07-09T11:18:16+01:00,2026-07-09T11:18:16+01:00
2026-07-09T11:29:14+01:00,added,2de9cd42059c7322,VILLAGE 3,Individuel,264 €,264,,9 m²,9,,"9 m² | Individuel | 1 lit simple | WC, Douche, Frigo",9 Esplanade des Antilles 33600 PESSAC,https://trouverunlogement.lescrous.fr/tools/47/accommodations/2249,https://trouverunlogement.lescrous.fr/tools/47/search?bounds=-0.7587897_44.8225797_-0.6029478_44.749435&locationName=Pessac+%2833600%29,2026-07-09T11:29:14+01:00,2026-07-09T11:29:14+01:00
2026-07-09T11:46:47+01:00,removed,8a7089e2646c5cbc,VILLAGE 3,Individuel,264 €,264,,9 m²,9,,"9 m² | Individuel | 1 lit simple | WC, Douche, Evier + plaque, Frigo",9 Esplanade des Antilles 33600 PESSAC,https://trouverunlogement.lescrous.fr/tools/47/accommodations/2282,https://trouverunlogement.lescrous.fr/tools/47/search?bounds=-0.7587897_44.8225797_-0.6029478_44.749435&locationName=Pessac+%2833600%29,2026-07-09T11:04:22+01:00,2026-07-09T11:04:22+01:00
2026-07-09T11:57:12+01:00,removed,2de9cd42059c7322,VILLAGE 3,Individuel,264 €,264,,9 m²,9,,"9 m² | Individuel | 1 lit simple | WC, Douche, Frigo",9 Esplanade des Antilles 33600 PESSAC,https://trouverunlogement.lescrous.fr/tools/47/accommodations/2249,https://trouverunlogement.lescrous.fr/tools/47/search?bounds=-0.7587897_44.8225797_-0.6029478_44.749435&locationName=Pessac+%2833600%29,2026-07-09T11:29:14+01:00,2026-07-09T11:29:14+01:00
2026-07-09T12:20:17+01:00,added,2de9cd42059c7322,VILLAGE 3,Individuel,264 €,264,,9 m²,9,,"9 m² | Individuel | 1 lit simple | WC, Douche, Frigo",9 Esplanade des Antilles 33600 PESSAC,https://trouverunlogement.lescrous.fr/tools/47/accommodations/2249,https://trouverunlogement.lescrous.fr/tools/47/search?bounds=-0.7587897_44.8225797_-0.6029478_44.749435&locationName=Pessac+%2833600%29,2026-07-09T12:20:17+01:00,2026-07-09T12:20:17+01:00
2026-07-09T13:48:35+01:00,added,8a7089e2646c5cbc,VILLAGE 3,Individuel,264 €,264,,9 m²,9,,"9 m² | Individuel | 1 lit simple | WC, Douche, Evier + plaque, Frigo",9 Esplanade des Antilles 33600 PESSAC,https://trouverunlogement.lescrous.fr/tools/47/accommodations/2282,https://trouverunlogement.lescrous.fr/tools/47/search?bounds=-0.7587897_44.8225797_-0.6029478_44.749435&locationName=Pessac+%2833600%29,2026-07-09T13:48:35+01:00,2026-07-09T13:48:35+01:00
2026-07-09T13:52:44+01:00,removed,8a7089e2646c5cbc,VILLAGE 3,Individuel,264 €,264,,9 m²,9,,"9 m² | Individuel | 1 lit simple | WC, Douche, Evier + plaque, Frigo",9 Esplanade des Antilles 33600 PESSAC,https://trouverunlogement.lescrous.fr/tools/47/accommodations/2282,https://trouverunlogement.lescrous.fr/tools/47/search?bounds=-0.7587897_44.8225797_-0.6029478_44.749435&locationName=Pessac+%2833600%29,2026-07-09T13:48:35+01:00,2026-07-09T13:48:35+01:00
2026-07-09T14:02:28+01:00,added,8a7089e2646c5cbc,VILLAGE 3,Individuel,264 €,264,,9 m²,9,,"9 m² | Individuel | 1 lit simple | WC, Douche, Evier + plaque, Frigo",9 Esplanade des Antilles 33600 PESSAC,https://trouverunlogement.lescrous.fr/tools/47/accommodations/2282,https://trouverunlogement.lescrous.fr/tools/47/search?bounds=-0.7587897_44.8225797_-0.6029478_44.749435&locationName=Pessac+%2833600%29,2026-07-09T14:02:28+01:00,2026-07-09T14:02:28+01:00
2026-07-09T14:17:23+01:00,added,f6e8ccb9602d3c38,VILLAGE 5,Individuel,282 €,282,,14 m²,14,,"14 m² | Individuel | 1 lit simple | WC, Douche, Evier + plaque, Frigo",20 avenue de BARDANAC 33600 PESSAC,https://trouverunlogement.lescrous.fr/tools/47/accommodations/659,https://trouverunlogement.lescrous.fr/tools/47/search?bounds=-0.7587897_44.8225797_-0.6029478_44.749435&locationName=Pessac+%2833600%29,2026-07-09T14:17:23+01:00,2026-07-09T14:17:23+01:00
2026-07-09T14:17:23+01:00,removed,2de9cd42059c7322,VILLAGE 3,Individuel,264 €,264,,9 m²,9,,"9 m² | Individuel | 1 lit simple | WC, Douche, Frigo",9 Esplanade des Antilles 33600 PESSAC,https://trouverunlogement.lescrous.fr/tools/47/accommodations/2249,https://trouverunlogement.lescrous.fr/tools/47/search?bounds=-0.7587897_44.8225797_-0.6029478_44.749435&locationName=Pessac+%2833600%29,2026-07-09T12:20:17+01:00,2026-07-09T12:20:17+01:00
2026-07-09T14:17:23+01:00,removed,8a7089e2646c5cbc,VILLAGE 3,Individuel,264 €,264,,9 m²,9,,"9 m² | Individuel | 1 lit simple | WC, Douche, Evier + plaque, Frigo",9 Esplanade des Antilles 33600 PESSAC,https://trouverunlogement.lescrous.fr/tools/47/accommodations/2282,https://trouverunlogement.lescrous.fr/tools/47/search?bounds=-0.7587897_44.8225797_-0.6029478_44.749435&locationName=Pessac+%2833600%29,2026-07-09T14:02:28+01:00,2026-07-09T14:02:28+01:00
2026-07-09T14:30:27+01:00,added,9cd1ae8927f0637c,VILLAGE 2,Individuel,264 €,264,,"de 9,5 à 11,8 m²",9.5,11.8,"de 9,5 à 11,8 m² | Individuel | 1 lit simple | WC, Douche, Evier + plaque, Frigo",7 avenue PEY BERLAND 33600 PESSAC,https://trouverunlogement.lescrous.fr/tools/47/accommodations/1902,https://trouverunlogement.lescrous.fr/tools/47/search?bounds=-0.7569779_44.8627846_-0.6069396_44.7998378&locationName=Mérignac+%2833700%29 | https://trouverunlogement.lescrous.fr/tools/47/search?bounds=-0.7587897_44.8225797_-0.6029478_44.749435&locationName=Pessac+%2833600%29,2026-07-09T14:30:27+01:00,2026-07-09T14:30:27+01:00
2026-07-09T14:39:14+01:00,removed,9cd1ae8927f0637c,VILLAGE 2,Individuel,264 €,264,,"de 9,5 à 11,8 m²",9.5,11.8,"de 9,5 à 11,8 m² | Individuel | 1 lit simple | WC, Douche, Evier + plaque, Frigo",7 avenue PEY BERLAND 33600 PESSAC,https://trouverunlogement.lescrous.fr/tools/47/accommodations/1902,https://trouverunlogement.lescrous.fr/tools/47/search?bounds=-0.7569779_44.8627846_-0.6069396_44.7998378&locationName=Mérignac+%2833700%29 | https://trouverunlogement.lescrous.fr/tools/47/search?bounds=-0.7587897_44.8225797_-0.6029478_44.749435&locationName=Pessac+%2833600%29,2026-07-09T14:30:27+01:00,2026-07-09T14:30:27+01:00
2026-07-09T14:51:16+01:00,added,9cd1ae8927f0637c,VILLAGE 2,Individuel,264 €,264,,"de 9,5 à 11,8 m²",9.5,11.8,"de 9,5 à 11,8 m² | Individuel | 1 lit simple | WC, Douche, Evier + plaque, Frigo",7 avenue PEY BERLAND 33600 PESSAC,https://trouverunlogement.lescrous.fr/tools/47/accommodations/1902,https://trouverunlogement.lescrous.fr/tools/47/search?bounds=-0.7569779_44.8627846_-0.6069396_44.7998378&locationName=Mérignac+%2833700%29 | https://trouverunlogement.lescrous.fr/tools/47/search?bounds=-0.7587897_44.8225797_-0.6029478_44.749435&locationName=Pessac+%2833600%29,2026-07-09T14:51:16+01:00,2026-07-09T14:51:16+01:00
2026-07-09T15:00:35+01:00,removed,9cd1ae8927f0637c,VILLAGE 2,Individuel,264 €,264,,"de 9,5 à 11,8 m²",9.5,11.8,"de 9,5 à 11,8 m² | Individuel | 1 lit simple | WC, Douche, Evier + plaque, Frigo",7 avenue PEY BERLAND 33600 PESSAC,https://trouverunlogement.lescrous.fr/tools/47/accommodations/1902,https://trouverunlogement.lescrous.fr/tools/47/search?bounds=-0.7569779_44.8627846_-0.6069396_44.7998378&locationName=Mérignac+%2833700%29 | https://trouverunlogement.lescrous.fr/tools/47/search?bounds=-0.7587897_44.8225797_-0.6029478_44.749435&locationName=Pessac+%2833600%29,2026-07-09T14:51:16+01:00,2026-07-09T14:51:16+01:00
2026-07-09T15:00:35+01:00,removed,f6e8ccb9602d3c38,VILLAGE 5,Individuel,282 €,282,,14 m²,14,,"14 m² | Individuel | 1 lit simple | WC, Douche, Evier + plaque, Frigo",20 avenue de BARDANAC 33600 PESSAC,https://trouverunlogement.lescrous.fr/tools/47/accommodations/659,https://trouverunlogement.lescrous.fr/tools/47/search?bounds=-0.7587897_44.8225797_-0.6029478_44.749435&locationName=Pessac+%2833600%29,2026-07-09T14:17:23+01:00,2026-07-09T14:17:23+01:00
2026-07-09T15:09:21+01:00,added,9cd1ae8927f0637c,VILLAGE 2,Individuel,264 €,264,,"de 9,5 à 11,8 m²",9.5,11.8,"de 9,5 à 11,8 m² | Individuel | 1 lit simple | WC, Douche, Evier + plaque, Frigo",7 avenue PEY BERLAND 33600 PESSAC,https://trouverunlogement.lescrous.fr/tools/47/accommodations/1902,https://trouverunlogement.lescrous.fr/tools/47/search?bounds=-0.7569779_44.8627846_-0.6069396_44.7998378&locationName=Mérignac+%2833700%29 | https://trouverunlogement.lescrous.fr/tools/47/search?bounds=-0.7587897_44.8225797_-0.6029478_44.749435&locationName=Pessac+%2833600%29,2026-07-09T15:09:21+01:00,2026-07-09T15:09:21+01:00
2026-07-09T15:09:21+01:00,added,f6e8ccb9602d3c38,VILLAGE 5,Individuel,282 €,282,,14 m²,14,,"14 m² | Individuel | 1 lit simple | WC, Douche, Evier + plaque, Frigo",20 avenue de BARDANAC 33600 PESSAC,https://trouverunlogement.lescrous.fr/tools/47/accommodations/659,https://trouverunlogement.lescrous.fr/tools/47/search?bounds=-0.7587897_44.8225797_-0.6029478_44.749435&locationName=Pessac+%2833600%29,2026-07-09T15:09:21+01:00,2026-07-09T15:09:21+01:00
2026-07-09T15:12:15+01:00,removed,9cd1ae8927f0637c,VILLAGE 2,Individuel,264 €,264,,"de 9,5 à 11,8 m²",9.5,11.8,"de 9,5 à 11,8 m² | Individuel | 1 lit simple | WC, Douche, Evier + plaque, Frigo",7 avenue PEY BERLAND 33600 PESSAC,https://trouverunlogement.lescrous.fr/tools/47/accommodations/1902,https://trouverunlogement.lescrous.fr/tools/47/search?bounds=-0.7569779_44.8627846_-0.6069396_44.7998378&locationName=Mérignac+%2833700%29 | https://trouverunlogement.lescrous.fr/tools/47/search?bounds=-0.7587897_44.8225797_-0.6029478_44.749435&locationName=Pessac+%2833600%29,2026-07-09T15:09:21+01:00,2026-07-09T15:09:21+01:00
2026-07-09T15:15:15+01:00,added,9cd1ae8927f0637c,VILLAGE 2,Individuel,264 €,264,,"de 9,5 à 11,8 m²",9.5,11.8,"de 9,5 à 11,8 m² | Individuel | 1 lit simple | WC, Douche, Evier + plaque, Frigo",7 avenue PEY BERLAND 33600 PESSAC,https://trouverunlogement.lescrous.fr/tools/47/accommodations/1902,https://trouverunlogement.lescrous.fr/tools/47/search?bounds=-0.7569779_44.8627846_-0.6069396_44.7998378&locationName=Mérignac+%2833700%29 | https://trouverunlogement.lescrous.fr/tools/47/search?bounds=-0.7587897_44.8225797_-0.6029478_44.749435&locationName=Pessac+%2833600%29,2026-07-09T15:15:15+01:00,2026-07-09T15:15:15+01:00
2026-07-09T15:21:17+01:00,removed,f6e8ccb9602d3c38,VILLAGE 5,Individuel,282 €,282,,14 m²,14,,"14 m² | Individuel | 1 lit simple | WC, Douche, Evier + plaque, Frigo",20 avenue de BARDANAC 33600 PESSAC,https://trouverunlogement.lescrous.fr/tools/47/accommodations/659,https://trouverunlogement.lescrous.fr/tools/47/search?bounds=-0.7587897_44.8225797_-0.6029478_44.749435&locationName=Pessac+%2833600%29,2026-07-09T15:09:21+01:00,2026-07-09T15:09:21+01:00
2026-07-09T15:33:18+01:00,removed,9cd1ae8927f0637c,VILLAGE 2,Individuel,264 €,264,,"de 9,5 à 11,8 m²",9.5,11.8,"de 9,5 à 11,8 m² | Individuel | 1 lit simple | WC, Douche, Evier + plaque, Frigo",7 avenue PEY BERLAND 33600 PESSAC,https://trouverunlogement.lescrous.fr/tools/47/accommodations/1902,https://trouverunlogement.lescrous.fr/tools/47/search?bounds=-0.7569779_44.8627846_-0.6069396_44.7998378&locationName=Mérignac+%2833700%29 | https://trouverunlogement.lescrous.fr/tools/47/search?bounds=-0.7587897_44.8225797_-0.6029478_44.749435&locationName=Pessac+%2833600%29,2026-07-09T15:15:15+01:00,2026-07-09T15:15:15+01:00
2026-07-09T15:36:14+01:00,added,280f561f57459f9a,PIERRE ET MARIE CURIE,Individuel,"368,71 €",368.71,,"de 13,9 à 16 m²",13.9,16,"de 13,9 à 16 m² | Individuel | 1 lit simple | WC, Douche, Evier + plaque, Frigo",10 AV PREVOST 33400 TALENCE,https://trouverunlogement.lescrous.fr/tools/47/accommodations/500,https://trouverunlogement.lescrous.fr/tools/47/search?bounds=-0.6111634_44.8252468_-0.5726706_44.7868187&locationName=Talence+%2833400%29,2026-07-09T15:36:14+01:00,2026-07-09T15:36:14+01:00
2026-07-09T15:36:14+01:00,added,3de603977ff978d4,PIERRE ET MARIE CURIE,Individuel,"392,93 €",392.93,,"de 16 à 17,99 m²",16,17.99,"de 16 à 17,99 m² | Individuel | 1 lit simple | WC, Douche, Evier + plaque, Frigo",10 AV PREVOST 33400 TALENCE,https://trouverunlogement.lescrous.fr/tools/47/accommodations/546,https://trouverunlogement.lescrous.fr/tools/47/search?bounds=-0.6111634_44.8252468_-0.5726706_44.7868187&locationName=Talence+%2833400%29,2026-07-09T15:36:14+01:00,2026-07-09T15:36:14+01:00
2026-07-09T15:45:20+01:00,added,9cd1ae8927f0637c,VILLAGE 2,Individuel,264 €,264,,"de 9,5 à 11,8 m²",9.5,11.8,"de 9,5 à 11,8 m² | Individuel | 1 lit simple | WC, Douche, Evier + plaque, Frigo",7 avenue PEY BERLAND 33600 PESSAC,https://trouverunlogement.lescrous.fr/tools/47/accommodations/1902,https://trouverunlogement.lescrous.fr/tools/47/search?bounds=-0.7569779_44.8627846_-0.6069396_44.7998378&locationName=Mérignac+%2833700%29 | https://trouverunlogement.lescrous.fr/tools/47/search?bounds=-0.7587897_44.8225797_-0.6029478_44.749435&locationName=Pessac+%2833600%29,2026-07-09T15:45:20+01:00,2026-07-09T15:45:20+01:00
2026-07-09T16:00:28+01:00,removed,9cd1ae8927f0637c,VILLAGE 2,Individuel,264 €,264,,"de 9,5 à 11,8 m²",9.5,11.8,"de 9,5 à 11,8 m² | Individuel | 1 lit simple | WC, Douche, Evier + plaque, Frigo",7 avenue PEY BERLAND 33600 PESSAC,https://trouverunlogement.lescrous.fr/tools/47/accommodations/1902,https://trouverunlogement.lescrous.fr/tools/47/search?bounds=-0.7569779_44.8627846_-0.6069396_44.7998378&locationName=Mérignac+%2833700%29 | https://trouverunlogement.lescrous.fr/tools/47/search?bounds=-0.7587897_44.8225797_-0.6029478_44.749435&locationName=Pessac+%2833600%29,2026-07-09T15:45:20+01:00,2026-07-09T15:45:20+01:00
2026-07-09T16:03:14+01:00,added,9cd1ae8927f0637c,VILLAGE 2,Individuel,264 €,264,,"de 9,5 à 11,8 m²",9.5,11.8,"de 9,5 à 11,8 m² | Individuel | 1 lit simple | WC, Douche, Evier + plaque, Frigo",7 avenue PEY BERLAND 33600 PESSAC,https://trouverunlogement.lescrous.fr/tools/47/accommodations/1902,https://trouverunlogement.lescrous.fr/tools/47/search?bounds=-0.7569779_44.8627846_-0.6069396_44.7998378&locationName=Mérignac+%2833700%29 | https://trouverunlogement.lescrous.fr/tools/47/search?bounds=-0.7587897_44.8225797_-0.6029478_44.749435&locationName=Pessac+%2833600%29,2026-07-09T16:03:14+01:00,2026-07-09T16:03:14+01:00
2026-07-09T16:06:14+01:00,added,f6e8ccb9602d3c38,VILLAGE 5,Individuel,282 €,282,,14 m²,14,,"14 m² | Individuel | 1 lit simple | WC, Douche, Evier + plaque, Frigo",20 avenue de BARDANAC 33600 PESSAC,https://trouverunlogement.lescrous.fr/tools/47/accommodations/659,https://trouverunlogement.lescrous.fr/tools/47/search?bounds=-0.7587897_44.8225797_-0.6029478_44.749435&locationName=Pessac+%2833600%29,2026-07-09T16:06:14+01:00,2026-07-09T16:06:14+01:00
2026-07-09T16:06:14+01:00,removed,9cd1ae8927f0637c,VILLAGE 2,Individuel,264 €,264,,"de 9,5 à 11,8 m²",9.5,11.8,"de 9,5 à 11,8 m² | Individuel | 1 lit simple | WC, Douche, Evier + plaque, Frigo",7 avenue PEY BERLAND 33600 PESSAC,https://trouverunlogement.lescrous.fr/tools/47/accommodations/1902,https://trouverunlogement.lescrous.fr/tools/47/search?bounds=-0.7569779_44.8627846_-0.6069396_44.7998378&locationName=Mérignac+%2833700%29 | https://trouverunlogement.lescrous.fr/tools/47/search?bounds=-0.7587897_44.8225797_-0.6029478_44.749435&locationName=Pessac+%2833600%29,2026-07-09T16:03:14+01:00,2026-07-09T16:03:14+01:00
2026-07-09T16:12:13+01:00,removed,f6e8ccb9602d3c38,VILLAGE 5,Individuel,282 €,282,,14 m²,14,,"14 m² | Individuel | 1 lit simple | WC, Douche, Evier + plaque, Frigo",20 avenue de BARDANAC 33600 PESSAC,https://trouverunlogement.lescrous.fr/tools/47/accommodations/659,https://trouverunlogement.lescrous.fr/tools/47/search?bounds=-0.7587897_44.8225797_-0.6029478_44.749435&locationName=Pessac+%2833600%29,2026-07-09T16:06:14+01:00,2026-07-09T16:06:14+01:00
2026-07-09T16:18:13+01:00,added,9cd1ae8927f0637c,VILLAGE 2,Individuel,264 €,264,,"de 9,5 à 11,8 m²",9.5,11.8,"de 9,5 à 11,8 m² | Individuel | 1 lit simple | WC, Douche, Evier + plaque, Frigo",7 avenue PEY BERLAND 33600 PESSAC,https://trouverunlogement.lescrous.fr/tools/47/accommodations/1902,https://trouverunlogement.lescrous.fr/tools/47/search?bounds=-0.7569779_44.8627846_-0.6069396_44.7998378&locationName=Mérignac+%2833700%29 | https://trouverunlogement.lescrous.fr/tools/47/search?bounds=-0.7587897_44.8225797_-0.6029478_44.749435&locationName=Pessac+%2833600%29,2026-07-09T16:18:13+01:00,2026-07-09T16:18:13+01:00
2026-07-09T16:21:12+01:00,removed,9cd1ae8927f0637c,VILLAGE 2,Individuel,264 €,264,,"de 9,5 à 11,8 m²",9.5,11.8,"de 9,5 à 11,8 m² | Individuel | 1 lit simple | WC, Douche, Evier + plaque, Frigo",7 avenue PEY BERLAND 33600 PESSAC,https://trouverunlogement.lescrous.fr/tools/47/accommodations/1902,https://trouverunlogement.lescrous.fr/tools/47/search?bounds=-0.7569779_44.8627846_-0.6069396_44.7998378&locationName=Mérignac+%2833700%29 | https://trouverunlogement.lescrous.fr/tools/47/search?bounds=-0.7587897_44.8225797_-0.6029478_44.749435&locationName=Pessac+%2833600%29,2026-07-09T16:18:13+01:00,2026-07-09T16:18:13+01:00
2026-07-09T16:30:25+01:00,added,f6e8ccb9602d3c38,VILLAGE 5,Individuel,282 €,282,,14 m²,14,,"14 m² | Individuel | 1 lit simple | WC, Douche, Evier + plaque, Frigo",20 avenue de BARDANAC 33600 PESSAC,https://trouverunlogement.lescrous.fr/tools/47/accommodations/659,https://trouverunlogement.lescrous.fr/tools/47/search?bounds=-0.7587897_44.8225797_-0.6029478_44.749435&locationName=Pessac+%2833600%29,2026-07-09T16:30:25+01:00,2026-07-09T16:30:25+01:00
2026-07-09T16:33:20+01:00,removed,f6e8ccb9602d3c38,VILLAGE 5,Individuel,282 €,282,,14 m²,14,,"14 m² | Individuel | 1 lit simple | WC, Douche, Evier + plaque, Frigo",20 avenue de BARDANAC 33600 PESSAC,https://trouverunlogement.lescrous.fr/tools/47/accommodations/659,https://trouverunlogement.lescrous.fr/tools/47/search?bounds=-0.7587897_44.8225797_-0.6029478_44.749435&locationName=Pessac+%2833600%29,2026-07-09T16:30:25+01:00,2026-07-09T16:30:25+01:00
2026-07-09T16:51:17+01:00,added,9cd1ae8927f0637c,VILLAGE 2,Individuel,264 €,264,,"de 9,5 à 11,8 m²",9.5,11.8,"de 9,5 à 11,8 m² | Individuel | 1 lit simple | WC, Douche, Evier + plaque, Frigo",7 avenue PEY BERLAND 33600 PESSAC,https://trouverunlogement.lescrous.fr/tools/47/accommodations/1902,https://trouverunlogement.lescrous.fr/tools/47/search?bounds=-0.7569779_44.8627846_-0.6069396_44.7998378&locationName=Mérignac+%2833700%29 | https://trouverunlogement.lescrous.fr/tools/47/search?bounds=-0.7587897_44.8225797_-0.6029478_44.749435&locationName=Pessac+%2833600%29,2026-07-09T16:51:17+01:00,2026-07-09T16:51:17+01:00
2026-07-09T16:54:12+01:00,removed,9cd1ae8927f0637c,VILLAGE 2,Individuel,264 €,264,,"de 9,5 à 11,8 m²",9.5,11.8,"de 9,5 à 11,8 m² | Individuel | 1 lit simple | WC, Douche, Evier + plaque, Frigo",7 avenue PEY BERLAND 33600 PESSAC,https://trouverunlogement.lescrous.fr/tools/47/accommodations/1902,https://trouverunlogement.lescrous.fr/tools/47/search?bounds=-0.7569779_44.8627846_-0.6069396_44.7998378&locationName=Mérignac+%2833700%29 | https://trouverunlogement.lescrous.fr/tools/47/search?bounds=-0.7587897_44.8225797_-0.6029478_44.749435&locationName=Pessac+%2833600%29,2026-07-09T16:51:17+01:00,2026-07-09T16:51:17+01:00
2026-07-09T16:57:21+01:00,added,9cd1ae8927f0637c,VILLAGE 2,Individuel,264 €,264,,"de 9,5 à 11,8 m²",9.5,11.8,"de 9,5 à 11,8 m² | Individuel | 1 lit simple | WC, Douche, Evier + plaque, Frigo",7 avenue PEY BERLAND 33600 PESSAC,https://trouverunlogement.lescrous.fr/tools/47/accommodations/1902,https://trouverunlogement.lescrous.fr/tools/47/search?bounds=-0.7569779_44.8627846_-0.6069396_44.7998378&locationName=Mérignac+%2833700%29 | https://trouverunlogement.lescrous.fr/tools/47/search?bounds=-0.7587897_44.8225797_-0.6029478_44.749435&locationName=Pessac+%2833600%29,2026-07-09T16:57:21+01:00,2026-07-09T16:57:21+01:00
2026-07-09T17:00:25+01:00,removed,9cd1ae8927f0637c,VILLAGE 2,Individuel,264 €,264,,"de 9,5 à 11,8 m²",9.5,11.8,"de 9,5 à 11,8 m² | Individuel | 1 lit simple | WC, Douche, Evier + plaque, Frigo",7 avenue PEY BERLAND 33600 PESSAC,https://trouverunlogement.lescrous.fr/tools/47/accommodations/1902,https://trouverunlogement.lescrous.fr/tools/47/search?bounds=-0.7569779_44.8627846_-0.6069396_44.7998378&locationName=Mérignac+%2833700%29 | https://trouverunlogement.lescrous.fr/tools/47/search?bounds=-0.7587897_44.8225797_-0.6029478_44.749435&locationName=Pessac+%2833600%29,2026-07-09T16:57:21+01:00,2026-07-09T16:57:21+01:00
2026-07-09T17:09:12+01:00,added,f6e8ccb9602d3c38,VILLAGE 5,Individuel,282 €,282,,14 m²,14,,"14 m² | Individuel | 1 lit simple | WC, Douche, Evier + plaque, Frigo",20 avenue de BARDANAC 33600 PESSAC,https://trouverunlogement.lescrous.fr/tools/47/accommodations/659,https://trouverunlogement.lescrous.fr/tools/47/search?bounds=-0.7587897_44.8225797_-0.6029478_44.749435&locationName=Pessac+%2833600%29,2026-07-09T17:09:12+01:00,2026-07-09T17:09:12+01:00
2026-07-09T17:18:13+01:00,removed,f6e8ccb9602d3c38,VILLAGE 5,Individuel,282 €,282,,14 m²,14,,"14 m² | Individuel | 1 lit simple | WC, Douche, Evier + plaque, Frigo",20 avenue de BARDANAC 33600 PESSAC,https://trouverunlogement.lescrous.fr/tools/47/accommodations/659,https://trouverunlogement.lescrous.fr/tools/47/search?bounds=-0.7587897_44.8225797_-0.6029478_44.749435&locationName=Pessac+%2833600%29,2026-07-09T17:09:12+01:00,2026-07-09T17:09:12+01:00
2026-07-09T17:24:11+01:00,added,9cd1ae8927f0637c,VILLAGE 2,Individuel,264 €,264,,"de 9,5 à 11,8 m²",9.5,11.8,"de 9,5 à 11,8 m² | Individuel | 1 lit simple | WC, Douche, Evier + plaque, Frigo",7 avenue PEY BERLAND 33600 PESSAC,https://trouverunlogement.lescrous.fr/tools/47/accommodations/1902,https://trouverunlogement.lescrous.fr/tools/47/search?bounds=-0.7569779_44.8627846_-0.6069396_44.7998378&locationName=Mérignac+%2833700%29 | https://trouverunlogement.lescrous.fr/tools/47/search?bounds=-0.7587897_44.8225797_-0.6029478_44.749435&locationName=Pessac+%2833600%29,2026-07-09T17:24:11+01:00,2026-07-09T17:24:11+01:00
2026-07-09T17:27:14+01:00,removed,9cd1ae8927f0637c,VILLAGE 2,Individuel,264 €,264,,"de 9,5 à 11,8 m²",9.5,11.8,"de 9,5 à 11,8 m² | Individuel | 1 lit simple | WC, Douche, Evier + plaque, Frigo",7 avenue PEY BERLAND 33600 PESSAC,https://trouverunlogement.lescrous.fr/tools/47/accommodations/1902,https://trouverunlogement.lescrous.fr/tools/47/search?bounds=-0.7569779_44.8627846_-0.6069396_44.7998378&locationName=Mérignac+%2833700%29 | https://trouverunlogement.lescrous.fr/tools/47/search?bounds=-0.7587897_44.8225797_-0.6029478_44.749435&locationName=Pessac+%2833600%29,2026-07-09T17:24:11+01:00,2026-07-09T17:24:11+01:00
2026-07-09T18:42:13+01:00,added,9cd1ae8927f0637c,VILLAGE 2,Individuel,264 €,264,,"de 9,5 à 11,8 m²",9.5,11.8,"de 9,5 à 11,8 m² | Individuel | 1 lit simple | WC, Douche, Evier + plaque, Frigo",7 avenue PEY BERLAND 33600 PESSAC,https://trouverunlogement.lescrous.fr/tools/47/accommodations/1902,https://trouverunlogement.lescrous.fr/tools/47/search?bounds=-0.7569779_44.8627846_-0.6069396_44.7998378&locationName=Mérignac+%2833700%29 | https://trouverunlogement.lescrous.fr/tools/47/search?bounds=-0.7587897_44.8225797_-0.6029478_44.749435&locationName=Pessac+%2833600%29,2026-07-09T18:42:13+01:00,2026-07-09T18:42:13+01:00
2026-07-09T18:45:12+01:00,added,f6e8ccb9602d3c38,VILLAGE 5,Individuel,282 €,282,,14 m²,14,,"14 m² | Individuel | 1 lit simple | WC, Douche, Evier + plaque, Frigo",20 avenue de BARDANAC 33600 PESSAC,https://trouverunlogement.lescrous.fr/tools/47/accommodations/659,https://trouverunlogement.lescrous.fr/tools/47/search?bounds=-0.7587897_44.8225797_-0.6029478_44.749435&locationName=Pessac+%2833600%29,2026-07-09T18:45:12+01:00,2026-07-09T18:45:12+01:00
2026-07-09T19:00:30+01:00,removed,f6e8ccb9602d3c38,VILLAGE 5,Individuel,282 €,282,,14 m²,14,,"14 m² | Individuel | 1 lit simple | WC, Douche, Evier + plaque, Frigo",20 avenue de BARDANAC 33600 PESSAC,https://trouverunlogement.lescrous.fr/tools/47/accommodations/659,https://trouverunlogement.lescrous.fr/tools/47/search?bounds=-0.7587897_44.8225797_-0.6029478_44.749435&locationName=Pessac+%2833600%29,2026-07-09T18:45:12+01:00,2026-07-09T18:45:12+01:00
2026-07-09T19:06:12+01:00,removed,9cd1ae8927f0637c,VILLAGE 2,Individuel,264 €,264,,"de 9,5 à 11,8 m²",9.5,11.8,"de 9,5 à 11,8 m² | Individuel | 1 lit simple | WC, Douche, Evier + plaque, Frigo",7 avenue PEY BERLAND 33600 PESSAC,https://trouverunlogement.lescrous.fr/tools/47/accommodations/1902,https://trouverunlogement.lescrous.fr/tools/47/search?bounds=-0.7569779_44.8627846_-0.6069396_44.7998378&locationName=Mérignac+%2833700%29 | https://trouverunlogement.lescrous.fr/tools/47/search?bounds=-0.7587897_44.8225797_-0.6029478_44.749435&locationName=Pessac+%2833600%29,2026-07-09T18:42:13+01:00,2026-07-09T18:42:13+01:00
2026-07-09T21:18:12+01:00,added,9cd1ae8927f0637c,VILLAGE 2,Individuel,264 €,264,,"de 9,5 à 11,8 m²",9.5,11.8,"de 9,5 à 11,8 m² | Individuel | 1 lit simple | WC, Douche, Evier + plaque, Frigo",7 avenue PEY BERLAND 33600 PESSAC,https://trouverunlogement.lescrous.fr/tools/47/accommodations/1902,https://trouverunlogement.lescrous.fr/tools/47/search?bounds=-0.7569779_44.8627846_-0.6069396_44.7998378&locationName=Mérignac+%2833700%29 | https://trouverunlogement.lescrous.fr/tools/47/search?bounds=-0.7587897_44.8225797_-0.6029478_44.749435&locationName=Pessac+%2833600%29,2026-07-09T21:18:12+01:00,2026-07-09T21:18:12+01:00
2026-07-09T21:24:16+01:00,removed,9cd1ae8927f0637c,VILLAGE 2,Individuel,264 €,264,,"de 9,5 à 11,8 m²",9.5,11.8,"de 9,5 à 11,8 m² | Individuel | 1 lit simple | WC, Douche, Evier + plaque, Frigo",7 avenue PEY BERLAND 33600 PESSAC,https://trouverunlogement.lescrous.fr/tools/47/accommodations/1902,https://trouverunlogement.lescrous.fr/tools/47/search?bounds=-0.7569779_44.8627846_-0.6069396_44.7998378&locationName=Mérignac+%2833700%29 | https://trouverunlogement.lescrous.fr/tools/47/search?bounds=-0.7587897_44.8225797_-0.6029478_44.749435&locationName=Pessac+%2833600%29,2026-07-09T21:18:12+01:00,2026-07-09T21:18:12+01:00
2026-07-09T21:27:14+01:00,removed,280f561f57459f9a,PIERRE ET MARIE CURIE,Individuel,"368,71 €",368.71,,"de 13,9 à 16 m²",13.9,16,"de 13,9 à 16 m² | Individuel | 1 lit simple | WC, Douche, Evier + plaque, Frigo",10 AV PREVOST 33400 TALENCE,https://trouverunlogement.lescrous.fr/tools/47/accommodations/500,https://trouverunlogement.lescrous.fr/tools/47/search?bounds=-0.6111634_44.8252468_-0.5726706_44.7868187&locationName=Talence+%2833400%29,2026-07-09T15:36:14+01:00,2026-07-09T15:36:14+01:00
2026-07-09T22:33:11+01:00,added,9cd1ae8927f0637c,VILLAGE 2,Individuel,264 €,264,,"de 9,5 à 11,8 m²",9.5,11.8,"de 9,5 à 11,8 m² | Individuel | 1 lit simple | WC, Douche, Evier + plaque, Frigo",7 avenue PEY BERLAND 33600 PESSAC,https://trouverunlogement.lescrous.fr/tools/47/accommodations/1902,https://trouverunlogement.lescrous.fr/tools/47/search?bounds=-0.7569779_44.8627846_-0.6069396_44.7998378&locationName=Mérignac+%2833700%29 | https://trouverunlogement.lescrous.fr/tools/47/search?bounds=-0.7587897_44.8225797_-0.6029478_44.749435&locationName=Pessac+%2833600%29,2026-07-09T22:33:11+01:00,2026-07-09T22:33:11+01:00
2026-07-09T22:39:16+01:00,removed,9cd1ae8927f0637c,VILLAGE 2,Individuel,264 €,264,,"de 9,5 à 11,8 m²",9.5,11.8,"de 9,5 à 11,8 m² | Individuel | 1 lit simple | WC, Douche, Evier + plaque, Frigo",7 avenue PEY BERLAND 33600 PESSAC,https://trouverunlogement.lescrous.fr/tools/47/accommodations/1902,https://trouverunlogement.lescrous.fr/tools/47/search?bounds=-0.7569779_44.8627846_-0.6069396_44.7998378&locationName=Mérignac+%2833700%29 | https://trouverunlogement.lescrous.fr/tools/47/search?bounds=-0.7587897_44.8225797_-0.6029478_44.749435&locationName=Pessac+%2833600%29,2026-07-09T22:33:11+01:00,2026-07-09T22:33:11+01:00
2026-07-09T23:06:18+01:00,removed,3de603977ff978d4,PIERRE ET MARIE CURIE,Individuel,"392,93 €",392.93,,"de 16 à 17,99 m²",16,17.99,"de 16 à 17,99 m² | Individuel | 1 lit simple | WC, Douche, Evier + plaque, Frigo",10 AV PREVOST 33400 TALENCE,https://trouverunlogement.lescrous.fr/tools/47/accommodations/546,https://trouverunlogement.lescrous.fr/tools/47/search?bounds=-0.6111634_44.8252468_-0.5726706_44.7868187&locationName=Talence+%2833400%29,2026-07-09T15:36:14+01:00,2026-07-09T15:36:14+01:00
2026-07-09T23:39:15+01:00,added,9cd1ae8927f0637c,VILLAGE 2,Individuel,264 €,264,,"de 9,5 à 11,8 m²",9.5,11.8,"de 9,5 à 11,8 m² | Individuel | 1 lit simple | WC, Douche, Evier + plaque, Frigo",7 avenue PEY BERLAND 33600 PESSAC,https://trouverunlogement.lescrous.fr/tools/47/accommodations/1902,https://trouverunlogement.lescrous.fr/tools/47/search?bounds=-0.7569779_44.8627846_-0.6069396_44.7998378&locationName=Mérignac+%2833700%29 | https://trouverunlogement.lescrous.fr/tools/47/search?bounds=-0.7587897_44.8225797_-0.6029478_44.749435&locationName=Pessac+%2833600%29,2026-07-09T23:39:15+01:00,2026-07-09T23:39:15+01:00
2026-07-09T23:42:18+01:00,removed,9cd1ae8927f0637c,VILLAGE 2,Individuel,264 €,264,,"de 9,5 à 11,8 m²",9.5,11.8,"de 9,5 à 11,8 m² | Individuel | 1 lit simple | WC, Douche, Evier + plaque, Frigo",7 avenue PEY BERLAND 33600 PESSAC,https://trouverunlogement.lescrous.fr/tools/47/accommodations/1902,https://trouverunlogement.lescrous.fr/tools/47/search?bounds=-0.7569779_44.8627846_-0.6069396_44.7998378&locationName=Mérignac+%2833700%29 | https://trouverunlogement.lescrous.fr/tools/47/search?bounds=-0.7587897_44.8225797_-0.6029478_44.749435&locationName=Pessac+%2833600%29,2026-07-09T23:39:15+01:00,2026-07-09T23:39:15+01:00
2026-07-10T07:09:18+01:00,added,f6e8ccb9602d3c38,VILLAGE 5,Individuel,282 €,282,,14 m²,14,,"14 m² | Individuel | 1 lit simple | WC, Douche, Evier + plaque, Frigo",20 avenue de BARDANAC 33600 PESSAC,https://trouverunlogement.lescrous.fr/tools/47/accommodations/659,https://trouverunlogement.lescrous.fr/tools/47/search?bounds=-0.7587897_44.8225797_-0.6029478_44.749435&locationName=Pessac+%2833600%29,2026-07-10T07:09:18+01:00,2026-07-10T07:09:18+01:00
2026-07-10T07:12:14+01:00,removed,f6e8ccb9602d3c38,VILLAGE 5,Individuel,282 €,282,,14 m²,14,,"14 m² | Individuel | 1 lit simple | WC, Douche, Evier + plaque, Frigo",20 avenue de BARDANAC 33600 PESSAC,https://trouverunlogement.lescrous.fr/tools/47/accommodations/659,https://trouverunlogement.lescrous.fr/tools/47/search?bounds=-0.7587897_44.8225797_-0.6029478_44.749435&locationName=Pessac+%2833600%29,2026-07-10T07:09:18+01:00,2026-07-10T07:09:18+01:00
2026-07-10T07:51:17+01:00,added,9cd1ae8927f0637c,VILLAGE 2,Individuel,264 €,264,,"de 9,5 à 11,8 m²",9.5,11.8,"de 9,5 à 11,8 m² | Individuel | 1 lit simple | WC, Douche, Evier + plaque, Frigo",7 avenue PEY BERLAND 33600 PESSAC,https://trouverunlogement.lescrous.fr/tools/47/accommodations/1902,https://trouverunlogement.lescrous.fr/tools/47/search?bounds=-0.7569779_44.8627846_-0.6069396_44.7998378&locationName=Mérignac+%2833700%29 | https://trouverunlogement.lescrous.fr/tools/47/search?bounds=-0.7587897_44.8225797_-0.6029478_44.749435&locationName=Pessac+%2833600%29,2026-07-10T07:51:17+01:00,2026-07-10T07:51:17+01:00
2026-07-10T07:54:15+01:00,added,3de603977ff978d4,PIERRE ET MARIE CURIE,Individuel,"392,93 €",392.93,,"de 16 à 17,99 m²",16,17.99,"de 16 à 17,99 m² | Individuel | 1 lit simple | WC, Douche, Evier + plaque, Frigo",10 AV PREVOST 33400 TALENCE,https://trouverunlogement.lescrous.fr/tools/47/accommodations/546,https://trouverunlogement.lescrous.fr/tools/47/search?bounds=-0.6111634_44.8252468_-0.5726706_44.7868187&locationName=Talence+%2833400%29,2026-07-10T07:54:15+01:00,2026-07-10T07:54:15+01:00
2026-07-10T07:57:11+01:00,added,280f561f57459f9a,PIERRE ET MARIE CURIE,Individuel,"368,71 €",368.71,,"de 13,9 à 16 m²",13.9,16,"de 13,9 à 16 m² | Individuel | 1 lit simple | WC, Douche, Evier + plaque, Frigo",10 AV PREVOST 33400 TALENCE,https://trouverunlogement.lescrous.fr/tools/47/accommodations/500,https://trouverunlogement.lescrous.fr/tools/47/search?bounds=-0.6111634_44.8252468_-0.5726706_44.7868187&locationName=Talence+%2833400%29,2026-07-10T07:57:11+01:00,2026-07-10T07:57:11+01:00
2026-07-10T07:57:11+01:00,removed,9cd1ae8927f0637c,VILLAGE 2,Individuel,264 €,264,,"de 9,5 à 11,8 m²",9.5,11.8,"de 9,5 à 11,8 m² | Individuel | 1 lit simple | WC, Douche, Evier + plaque, Frigo",7 avenue PEY BERLAND 33600 PESSAC,https://trouverunlogement.lescrous.fr/tools/47/accommodations/1902,https://trouverunlogement.lescrous.fr/tools/47/search?bounds=-0.7569779_44.8627846_-0.6069396_44.7998378&locationName=Mérignac+%2833700%29 | https://trouverunlogement.lescrous.fr/tools/47/search?bounds=-0.7587897_44.8225797_-0.6029478_44.749435&locationName=Pessac+%2833600%29,2026-07-10T07:51:17+01:00,2026-07-10T07:51:17+01:00
2026-07-10T08:00:30+01:00,removed,280f561f57459f9a,PIERRE ET MARIE CURIE,Individuel,"368,71 €",368.71,,"de 13,9 à 16 m²",13.9,16,"de 13,9 à 16 m² | Individuel | 1 lit simple | WC, Douche, Evier + plaque, Frigo",10 AV PREVOST 33400 TALENCE,https://trouverunlogement.lescrous.fr/tools/47/accommodations/500,https://trouverunlogement.lescrous.fr/tools/47/search?bounds=-0.6111634_44.8252468_-0.5726706_44.7868187&locationName=Talence+%2833400%29,2026-07-10T07:57:11+01:00,2026-07-10T07:57:11+01:00
2026-07-10T08:15:12+01:00,removed,3de603977ff978d4,PIERRE ET MARIE CURIE,Individuel,"392,93 €",392.93,,"de 16 à 17,99 m²",16,17.99,"de 16 à 17,99 m² | Individuel | 1 lit simple | WC, Douche, Evier + plaque, Frigo",10 AV PREVOST 33400 TALENCE,https://trouverunlogement.lescrous.fr/tools/47/accommodations/546,https://trouverunlogement.lescrous.fr/tools/47/search?bounds=-0.6111634_44.8252468_-0.5726706_44.7868187&locationName=Talence+%2833400%29,2026-07-10T07:54:15+01:00,2026-07-10T07:54:15+01:00
2026-07-10T08:30:26+01:00,added,280f561f57459f9a,PIERRE ET MARIE CURIE,Individuel,"368,71 €",368.71,,"de 13,9 à 16 m²",13.9,16,"de 13,9 à 16 m² | Individuel | 1 lit simple | WC, Douche, Evier + plaque, Frigo",10 AV PREVOST 33400 TALENCE,https://trouverunlogement.lescrous.fr/tools/47/accommodations/500,https://trouverunlogement.lescrous.fr/tools/47/search?bounds=-0.6111634_44.8252468_-0.5726706_44.7868187&locationName=Talence+%2833400%29,2026-07-10T08:30:26+01:00,2026-07-10T08:30:26+01:00
2026-07-10T08:42:17+01:00,removed,280f561f57459f9a,PIERRE ET MARIE CURIE,Individuel,"368,71 €",368.71,,"de 13,9 à 16 m²",13.9,16,"de 13,9 à 16 m² | Individuel | 1 lit simple | WC, Douche, Evier + plaque, Frigo",10 AV PREVOST 33400 TALENCE,https://trouverunlogement.lescrous.fr/tools/47/accommodations/500,https://trouverunlogement.lescrous.fr/tools/47/search?bounds=-0.6111634_44.8252468_-0.5726706_44.7868187&locationName=Talence+%2833400%29,2026-07-10T08:30:26+01:00,2026-07-10T08:30:26+01:00
2026-07-10T09:06:13+01:00,added,9cd1ae8927f0637c,VILLAGE 2,Individuel,264 €,264,,"de 9,5 à 11,8 m²",9.5,11.8,"de 9,5 à 11,8 m² | Individuel | 1 lit simple | WC, Douche, Evier + plaque, Frigo",7 avenue PEY BERLAND 33600 PESSAC,https://trouverunlogement.lescrous.fr/tools/47/accommodations/1902,https://trouverunlogement.lescrous.fr/tools/47/search?bounds=-0.7569779_44.8627846_-0.6069396_44.7998378&locationName=Mérignac+%2833700%29 | https://trouverunlogement.lescrous.fr/tools/47/search?bounds=-0.7587897_44.8225797_-0.6029478_44.749435&locationName=Pessac+%2833600%29,2026-07-10T09:06:13+01:00,2026-07-10T09:06:13+01:00
2026-07-10T09:06:13+01:00,added,3de603977ff978d4,PIERRE ET MARIE CURIE,Individuel,"392,93 €",392.93,,"de 16 à 17,99 m²",16,17.99,"de 16 à 17,99 m² | Individuel | 1 lit simple | WC, Douche, Evier + plaque, Frigo",10 AV PREVOST 33400 TALENCE,https://trouverunlogement.lescrous.fr/tools/47/accommodations/546,https://trouverunlogement.lescrous.fr/tools/47/search?bounds=-0.6111634_44.8252468_-0.5726706_44.7868187&locationName=Talence+%2833400%29,2026-07-10T09:06:13+01:00,2026-07-10T09:06:13+01:00
2026-07-10T09:09:12+01:00,added,f6e8ccb9602d3c38,VILLAGE 5,Individuel,282 €,282,,14 m²,14,,"14 m² | Individuel | 1 lit simple | WC, Douche, Evier + plaque, Frigo",20 avenue de BARDANAC 33600 PESSAC,https://trouverunlogement.lescrous.fr/tools/47/accommodations/659,https://trouverunlogement.lescrous.fr/tools/47/search?bounds=-0.7587897_44.8225797_-0.6029478_44.749435&locationName=Pessac+%2833600%29,2026-07-10T09:09:12+01:00,2026-07-10T09:09:12+01:00
2026-07-10T09:09:12+01:00,added,280f561f57459f9a,PIERRE ET MARIE CURIE,Individuel,"368,71 €",368.71,,"de 13,9 à 16 m²",13.9,16,"de 13,9 à 16 m² | Individuel | 1 lit simple | WC, Douche, Evier + plaque, Frigo",10 AV PREVOST 33400 TALENCE,https://trouverunlogement.lescrous.fr/tools/47/accommodations/500,https://trouverunlogement.lescrous.fr/tools/47/search?bounds=-0.6111634_44.8252468_-0.5726706_44.7868187&locationName=Talence+%2833400%29,2026-07-10T09:09:12+01:00,2026-07-10T09:09:12+01:00
2026-07-10T09:12:16+01:00,removed,3de603977ff978d4,PIERRE ET MARIE CURIE,Individuel,"392,93 €",392.93,,"de 16 à 17,99 m²",16,17.99,"de 16 à 17,99 m² | Individuel | 1 lit simple | WC, Douche, Evier + plaque, Frigo",10 AV PREVOST 33400 TALENCE,https://trouverunlogement.lescrous.fr/tools/47/accommodations/546,https://trouverunlogement.lescrous.fr/tools/47/search?bounds=-0.6111634_44.8252468_-0.5726706_44.7868187&locationName=Talence+%2833400%29,2026-07-10T09:06:13+01:00,2026-07-10T09:06:13+01:00
2026-07-10T09:15:14+01:00,removed,9cd1ae8927f0637c,VILLAGE 2,Individuel,264 €,264,,"de 9,5 à 11,8 m²",9.5,11.8,"de 9,5 à 11,8 m² | Individuel | 1 lit simple | WC, Douche, Evier + plaque, Frigo",7 avenue PEY BERLAND 33600 PESSAC,https://trouverunlogement.lescrous.fr/tools/47/accommodations/1902,https://trouverunlogement.lescrous.fr/tools/47/search?bounds=-0.7569779_44.8627846_-0.6069396_44.7998378&locationName=Mérignac+%2833700%29 | https://trouverunlogement.lescrous.fr/tools/47/search?bounds=-0.7587897_44.8225797_-0.6029478_44.749435&locationName=Pessac+%2833600%29,2026-07-10T09:06:13+01:00,2026-07-10T09:06:13+01:00
2026-07-10T09:15:14+01:00,removed,f6e8ccb9602d3c38,VILLAGE 5,Individuel,282 €,282,,14 m²,14,,"14 m² | Individuel | 1 lit simple | WC, Douche, Evier + plaque, Frigo",20 avenue de BARDANAC 33600 PESSAC,https://trouverunlogement.lescrous.fr/tools/47/accommodations/659,https://trouverunlogement.lescrous.fr/tools/47/search?bounds=-0.7587897_44.8225797_-0.6029478_44.749435&locationName=Pessac+%2833600%29,2026-07-10T09:09:12+01:00,2026-07-10T09:09:12+01:00
2026-07-10T09:18:14+01:00,added,3de603977ff978d4,PIERRE ET MARIE CURIE,Individuel,"392,93 €",392.93,,"de 16 à 17,99 m²",16,17.99,"de 16 à 17,99 m² | Individuel | 1 lit simple | WC, Douche, Evier + plaque, Frigo",10 AV PREVOST 33400 TALENCE,https://trouverunlogement.lescrous.fr/tools/47/accommodations/546,https://trouverunlogement.lescrous.fr/tools/47/search?bounds=-0.6111634_44.8252468_-0.5726706_44.7868187&locationName=Talence+%2833400%29,2026-07-10T09:18:14+01:00,2026-07-10T09:18:14+01:00
2026-07-10T09:21:17+01:00,added,f6e8ccb9602d3c38,VILLAGE 5,Individuel,282 €,282,,14 m²,14,,"14 m² | Individuel | 1 lit simple | WC, Douche, Evier + plaque, Frigo",20 avenue de BARDANAC 33600 PESSAC,https://trouverunlogement.lescrous.fr/tools/47/accommodations/659,https://trouverunlogement.lescrous.fr/tools/47/search?bounds=-0.7587897_44.8225797_-0.6029478_44.749435&locationName=Pessac+%2833600%29,2026-07-10T09:21:17+01:00,2026-07-10T09:21:17+01:00
2026-07-10T09:21:17+01:00,removed,3de603977ff978d4,PIERRE ET MARIE CURIE,Individuel,"392,93 €",392.93,,"de 16 à 17,99 m²",16,17.99,"de 16 à 17,99 m² | Individuel | 1 lit simple | WC, Douche, Evier + plaque, Frigo",10 AV PREVOST 33400 TALENCE,https://trouverunlogement.lescrous.fr/tools/47/accommodations/546,https://trouverunlogement.lescrous.fr/tools/47/search?bounds=-0.6111634_44.8252468_-0.5726706_44.7868187&locationName=Talence+%2833400%29,2026-07-10T09:18:14+01:00,2026-07-10T09:18:14+01:00
2026-07-10T09:27:16+01:00,added,3de603977ff978d4,PIERRE ET MARIE CURIE,Individuel,"392,93 €",392.93,,"de 16 à 17,99 m²",16,17.99,"de 16 à 17,99 m² | Individuel | 1 lit simple | WC, Douche, Evier + plaque, Frigo",10 AV PREVOST 33400 TALENCE,https://trouverunlogement.lescrous.fr/tools/47/accommodations/546,https://trouverunlogement.lescrous.fr/tools/47/search?bounds=-0.6111634_44.8252468_-0.5726706_44.7868187&locationName=Talence+%2833400%29,2026-07-10T09:27:16+01:00,2026-07-10T09:27:16+01:00
2026-07-10T09:30:32+01:00,removed,f6e8ccb9602d3c38,VILLAGE 5,Individuel,282 €,282,,14 m²,14,,"14 m² | Individuel | 1 lit simple | WC, Douche, Evier + plaque, Frigo",20 avenue de BARDANAC 33600 PESSAC,https://trouverunlogement.lescrous.fr/tools/47/accommodations/659,https://trouverunlogement.lescrous.fr/tools/47/search?bounds=-0.7587897_44.8225797_-0.6029478_44.749435&locationName=Pessac+%2833600%29,2026-07-10T09:21:17+01:00,2026-07-10T09:21:17+01:00
2026-07-10T09:54:11+01:00,removed,280f561f57459f9a,PIERRE ET MARIE CURIE,Individuel,"368,71 €",368.71,,"de 13,9 à 16 m²",13.9,16,"de 13,9 à 16 m² | Individuel | 1 lit simple | WC, Douche, Evier + plaque, Frigo",10 AV PREVOST 33400 TALENCE,https://trouverunlogement.lescrous.fr/tools/47/accommodations/500,https://trouverunlogement.lescrous.fr/tools/47/search?bounds=-0.6111634_44.8252468_-0.5726706_44.7868187&locationName=Talence+%2833400%29,2026-07-10T09:09:12+01:00,2026-07-10T09:09:12+01:00
2026-07-10T09:54:11+01:00,removed,3de603977ff978d4,PIERRE ET MARIE CURIE,Individuel,"392,93 €",392.93,,"de 16 à 17,99 m²",16,17.99,"de 16 à 17,99 m² | Individuel | 1 lit simple | WC, Douche, Evier + plaque, Frigo",10 AV PREVOST 33400 TALENCE,https://trouverunlogement.lescrous.fr/tools/47/accommodations/546,https://trouverunlogement.lescrous.fr/tools/47/search?bounds=-0.6111634_44.8252468_-0.5726706_44.7868187&locationName=Talence+%2833400%29,2026-07-10T09:27:16+01:00,2026-07-10T09:27:16+01:00
2026-07-10T10:00:38+01:00,added,f6e8ccb9602d3c38,VILLAGE 5,Individuel,282 €,282,,14 m²,14,,"14 m² | Individuel | 1 lit simple | WC, Douche, Evier + plaque, Frigo",20 avenue de BARDANAC 33600 PESSAC,https://trouverunlogement.lescrous.fr/tools/47/accommodations/659,https://trouverunlogement.lescrous.fr/tools/47/search?bounds=-0.7587897_44.8225797_-0.6029478_44.749435&locationName=Pessac+%2833600%29,2026-07-10T10:00:38+01:00,2026-07-10T10:00:38+01:00
2026-07-10T10:03:15+01:00,removed,f6e8ccb9602d3c38,VILLAGE 5,Individuel,282 €,282,,14 m²,14,,"14 m² | Individuel | 1 lit simple | WC, Douche, Evier + plaque, Frigo",20 avenue de BARDANAC 33600 PESSAC,https://trouverunlogement.lescrous.fr/tools/47/accommodations/659,https://trouverunlogement.lescrous.fr/tools/47/search?bounds=-0.7587897_44.8225797_-0.6029478_44.749435&locationName=Pessac+%2833600%29,2026-07-10T10:00:38+01:00,2026-07-10T10:00:38+01:00
2026-07-10T15:36:11+01:00,added,f38597d54d0d396f,VILLAGE 5,Individuel,264 €,264,,"de 11,5 à 12 m²",11.5,12,"de 11,5 à 12 m² | Individuel | 1 lit simple | WC, Douche, Evier + plaque, Frigo",20 avenue de BARDANAC 33600 PESSAC,https://trouverunlogement.lescrous.fr/tools/47/accommodations/700,https://trouverunlogement.lescrous.fr/tools/47/search?bounds=-0.7587897_44.8225797_-0.6029478_44.749435&locationName=Pessac+%2833600%29,2026-07-10T15:36:11+01:00,2026-07-10T15:36:11+01:00
2026-07-10T15:54:13+01:00,removed,f38597d54d0d396f,VILLAGE 5,Individuel,264 €,264,,"de 11,5 à 12 m²",11.5,12,"de 11,5 à 12 m² | Individuel | 1 lit simple | WC, Douche, Evier + plaque, Frigo",20 avenue de BARDANAC 33600 PESSAC,https://trouverunlogement.lescrous.fr/tools/47/accommodations/700,https://trouverunlogement.lescrous.fr/tools/47/search?bounds=-0.7587897_44.8225797_-0.6029478_44.749435&locationName=Pessac+%2833600%29,2026-07-10T15:36:11+01:00,2026-07-10T15:36:11+01:00
2026-07-10T16:00:35+01:00,added,f38597d54d0d396f,VILLAGE 5,Individuel,264 €,264,,"de 11,5 à 12 m²",11.5,12,"de 11,5 à 12 m² | Individuel | 1 lit simple | WC, Douche, Evier + plaque, Frigo",20 avenue de BARDANAC 33600 PESSAC,https://trouverunlogement.lescrous.fr/tools/47/accommodations/700,https://trouverunlogement.lescrous.fr/tools/47/search?bounds=-0.7587897_44.8225797_-0.6029478_44.749435&locationName=Pessac+%2833600%29,2026-07-10T16:00:35+01:00,2026-07-10T16:00:35+01:00
2026-07-10T16:03:18+01:00,removed,f38597d54d0d396f,VILLAGE 5,Individuel,264 €,264,,"de 11,5 à 12 m²",11.5,12,"de 11,5 à 12 m² | Individuel | 1 lit simple | WC, Douche, Evier + plaque, Frigo",20 avenue de BARDANAC 33600 PESSAC,https://trouverunlogement.lescrous.fr/tools/47/accommodations/700,https://trouverunlogement.lescrous.fr/tools/47/search?bounds=-0.7587897_44.8225797_-0.6029478_44.749435&locationName=Pessac+%2833600%29,2026-07-10T16:00:35+01:00,2026-07-10T16:00:35+01:00
2026-07-10T18:27:19+01:00,added,f38597d54d0d396f,VILLAGE 5,Individuel,264 €,264,,"de 11,5 à 12 m²",11.5,12,"de 11,5 à 12 m² | Individuel | 1 lit simple | WC, Douche, Evier + plaque, Frigo",20 avenue de BARDANAC 33600 PESSAC,https://trouverunlogement.lescrous.fr/tools/47/accommodations/700,https://trouverunlogement.lescrous.fr/tools/47/search?bounds=-0.7587897_44.8225797_-0.6029478_44.749435&locationName=Pessac+%2833600%29,2026-07-10T18:27:19+01:00,2026-07-10T18:27:19+01:00
2026-07-10T18:33:14+01:00,removed,f38597d54d0d396f,VILLAGE 5,Individuel,264 €,264,,"de 11,5 à 12 m²",11.5,12,"de 11,5 à 12 m² | Individuel | 1 lit simple | WC, Douche, Evier + plaque, Frigo",20 avenue de BARDANAC 33600 PESSAC,https://trouverunlogement.lescrous.fr/tools/47/accommodations/700,https://trouverunlogement.lescrous.fr/tools/47/search?bounds=-0.7587897_44.8225797_-0.6029478_44.749435&locationName=Pessac+%2833600%29,2026-07-10T18:27:19+01:00,2026-07-10T18:27:19+01:00
2026-07-10T22:12:17+01:00,added,f38597d54d0d396f,VILLAGE 5,Individuel,264 €,264,,"de 11,5 à 12 m²",11.5,12,"de 11,5 à 12 m² | Individuel | 1 lit simple | WC, Douche, Evier + plaque, Frigo",20 avenue de BARDANAC 33600 PESSAC,https://trouverunlogement.lescrous.fr/tools/47/accommodations/700,https://trouverunlogement.lescrous.fr/tools/47/search?bounds=-0.7587897_44.8225797_-0.6029478_44.749435&locationName=Pessac+%2833600%29,2026-07-10T22:12:17+01:00,2026-07-10T22:12:17+01:00
2026-07-10T22:15:10+01:00,removed,f38597d54d0d396f,VILLAGE 5,Individuel,264 €,264,,"de 11,5 à 12 m²",11.5,12,"de 11,5 à 12 m² | Individuel | 1 lit simple | WC, Douche, Evier + plaque, Frigo",20 avenue de BARDANAC 33600 PESSAC,https://trouverunlogement.lescrous.fr/tools/47/accommodations/700,https://trouverunlogement.lescrous.fr/tools/47/search?bounds=-0.7587897_44.8225797_-0.6029478_44.749435&locationName=Pessac+%2833600%29,2026-07-10T22:12:17+01:00,2026-07-10T22:12:17+01:00
2026-07-11T04:06:11+01:00,added,f38597d54d0d396f,VILLAGE 5,Individuel,264 €,264,,"de 11,5 à 12 m²",11.5,12,"de 11,5 à 12 m² | Individuel | 1 lit simple | WC, Douche, Evier + plaque, Frigo",20 avenue de BARDANAC 33600 PESSAC,https://trouverunlogement.lescrous.fr/tools/47/accommodations/700,https://trouverunlogement.lescrous.fr/tools/47/search?bounds=-0.7587897_44.8225797_-0.6029478_44.749435&locationName=Pessac+%2833600%29,2026-07-11T04:06:11+01:00,2026-07-11T04:06:11+01:00
2026-07-11T04:45:14+01:00,removed,f38597d54d0d396f,VILLAGE 5,Individuel,264 €,264,,"de 11,5 à 12 m²",11.5,12,"de 11,5 à 12 m² | Individuel | 1 lit simple | WC, Douche, Evier + plaque, Frigo",20 avenue de BARDANAC 33600 PESSAC,https://trouverunlogement.lescrous.fr/tools/47/accommodations/700,https://trouverunlogement.lescrous.fr/tools/47/search?bounds=-0.7587897_44.8225797_-0.6029478_44.749435&locationName=Pessac+%2833600%29,2026-07-11T04:06:11+01:00,2026-07-11T04:06:11+01:00
2026-07-11T20:45:10+01:00,added,f38597d54d0d396f,VILLAGE 5,Individuel,264 €,264,,"de 11,5 à 12 m²",11.5,12,"de 11,5 à 12 m² | Individuel | 1 lit simple | WC, Douche, Evier + plaque, Frigo",20 avenue de BARDANAC 33600 PESSAC,https://trouverunlogement.lescrous.fr/tools/47/accommodations/700,https://trouverunlogement.lescrous.fr/tools/47/search?bounds=-0.7587897_44.8225797_-0.6029478_44.749435&locationName=Pessac+%2833600%29,2026-07-11T20:45:10+01:00,2026-07-11T20:45:10+01:00
2026-07-11T20:57:10+01:00,removed,f38597d54d0d396f,VILLAGE 5,Individuel,264 €,264,,"de 11,5 à 12 m²",11.5,12,"de 11,5 à 12 m² | Individuel | 1 lit simple | WC, Douche, Evier + plaque, Frigo",20 avenue de BARDANAC 33600 PESSAC,https://trouverunlogement.lescrous.fr/tools/47/accommodations/700,https://trouverunlogement.lescrous.fr/tools/47/search?bounds=-0.7587897_44.8225797_-0.6029478_44.749435&locationName=Pessac+%2833600%29,2026-07-11T20:45:10+01:00,2026-07-11T20:45:10+01:00
2026-07-13T05:06:12+01:00,added,f38597d54d0d396f,VILLAGE 5,Individuel,264 €,264,,"de 11,5 à 12 m²",11.5,12,"de 11,5 à 12 m² | Individuel | 1 lit simple | WC, Douche, Evier + plaque, Frigo",20 avenue de BARDANAC 33600 PESSAC,https://trouverunlogement.lescrous.fr/tools/47/accommodations/700,https://trouverunlogement.lescrous.fr/tools/47/search?bounds=-0.7587897_44.8225797_-0.6029478_44.749435&locationName=Pessac+%2833600%29,2026-07-13T05:06:12+01:00,2026-07-13T05:06:12+01:00
2026-07-13T05:42:11+01:00,removed,f38597d54d0d396f,VILLAGE 5,Individuel,264 €,264,,"de 11,5 à 12 m²",11.5,12,"de 11,5 à 12 m² | Individuel | 1 lit simple | WC, Douche, Evier + plaque, Frigo",20 avenue de BARDANAC 33600 PESSAC,https://trouverunlogement.lescrous.fr/tools/47/accommodations/700,https://trouverunlogement.lescrous.fr/tools/47/search?bounds=-0.7587897_44.8225797_-0.6029478_44.749435&locationName=Pessac+%2833600%29,2026-07-13T05:06:12+01:00,2026-07-13T05:06:12+01:00
2026-07-13T12:36:13+01:00,added,f38597d54d0d396f,VILLAGE 5,Individuel,264 €,264,,"de 11,5 à 12 m²",11.5,12,"de 11,5 à 12 m² | Individuel | 1 lit simple | WC, Douche, Evier + plaque, Frigo",20 avenue de BARDANAC 33600 PESSAC,https://trouverunlogement.lescrous.fr/tools/47/accommodations/700,https://trouverunlogement.lescrous.fr/tools/47/search?bounds=-0.7587897_44.8225797_-0.6029478_44.749435&locationName=Pessac+%2833600%29,2026-07-13T12:36:13+01:00,2026-07-13T12:36:13+01:00
2026-07-13T12:39:19+01:00,removed,f38597d54d0d396f,VILLAGE 5,Individuel,264 €,264,,"de 11,5 à 12 m²",11.5,12,"de 11,5 à 12 m² | Individuel | 1 lit simple | WC, Douche, Evier + plaque, Frigo",20 avenue de BARDANAC 33600 PESSAC,https://trouverunlogement.lescrous.fr/tools/47/accommodations/700,https://trouverunlogement.lescrous.fr/tools/47/search?bounds=-0.7587897_44.8225797_-0.6029478_44.749435&locationName=Pessac+%2833600%29,2026-07-13T12:36:13+01:00,2026-07-13T12:36:13+01:00
2026-07-13T13:48:10+01:00,added,f38597d54d0d396f,VILLAGE 5,Individuel,264 €,264,,"de 11,5 à 12 m²",11.5,12,"de 11,5 à 12 m² | Individuel | 1 lit simple | WC, Douche, Evier + plaque, Frigo",20 avenue de BARDANAC 33600 PESSAC,https://trouverunlogement.lescrous.fr/tools/47/accommodations/700,https://trouverunlogement.lescrous.fr/tools/47/search?bounds=-0.7587897_44.8225797_-0.6029478_44.749435&locationName=Pessac+%2833600%29,2026-07-13T13:48:10+01:00,2026-07-13T13:48:10+01:00
2026-07-13T13:51:14+01:00,removed,f38597d54d0d396f,VILLAGE 5,Individuel,264 €,264,,"de 11,5 à 12 m²",11.5,12,"de 11,5 à 12 m² | Individuel | 1 lit simple | WC, Douche, Evier + plaque, Frigo",20 avenue de BARDANAC 33600 PESSAC,https://trouverunlogement.lescrous.fr/tools/47/accommodations/700,https://trouverunlogement.lescrous.fr/tools/47/search?bounds=-0.7587897_44.8225797_-0.6029478_44.749435&locationName=Pessac+%2833600%29,2026-07-13T13:48:10+01:00,2026-07-13T13:48:10+01:00
2026-07-13T14:39:02+01:00,added,f38597d54d0d396f,VILLAGE 5,Individuel,264 €,264,,"de 11,5 à 12 m²",11.5,12,"de 11,5 à 12 m² | Individuel | 1 lit simple | WC, Douche, Evier + plaque, Frigo",20 avenue de BARDANAC 33600 PESSAC,https://trouverunlogement.lescrous.fr/tools/47/accommodations/700,https://trouverunlogement.lescrous.fr/tools/47/search?bounds=-0.7587897_44.8225797_-0.6029478_44.749435&locationName=Pessac+%2833600%29,2026-07-13T14:39:02+01:00,2026-07-13T14:39:02+01:00
2026-07-13T14:51:14+01:00,removed,f38597d54d0d396f,VILLAGE 5,Individuel,264 €,264,,"de 11,5 à 12 m²",11.5,12,"de 11,5 à 12 m² | Individuel | 1 lit simple | WC, Douche, Evier + plaque, Frigo",20 avenue de BARDANAC 33600 PESSAC,https://trouverunlogement.lescrous.fr/tools/47/accommodations/700,https://trouverunlogement.lescrous.fr/tools/47/search?bounds=-0.7587897_44.8225797_-0.6029478_44.749435&locationName=Pessac+%2833600%29,2026-07-13T14:39:02+01:00,2026-07-13T14:39:02+01:00
2026-07-24T08:54:15+01:00,added,0871badab3f65d24,CLAIREFONTAINE,"Colocation, Couple","de 283,73 à 567,45 €",283.73,567.45,"34,27 m²",34.27,,"34,27 m² | Colocation, Couple | 2 lits rapprochables | Pièce à vivre, WC, Douche, Evier + plaque, Frigo",13 RUE FRANCISCO FERRER 33700 MERIGNAC,https://trouverunlogement.lescrous.fr/tools/47/accommodations/16,https://trouverunlogement.lescrous.fr/tools/47/search?bounds=-0.6386987_44.9161806_-0.5336838_44.8107826&locationName=Bordeaux | https://trouverunlogement.lescrous.fr/tools/47/search?bounds=-0.7569779_44.8627846_-0.6069396_44.7998378&locationName=Mérignac+%2833700%29,2026-07-24T08:54:15+01:00,2026-07-24T08:54:15+01:00
2026-07-24T10:18:17+01:00,removed,0871badab3f65d24,CLAIREFONTAINE,"Colocation, Couple","de 283,73 à 567,45 €",283.73,567.45,"34,27 m²",34.27,,"34,27 m² | Colocation, Couple | 2 lits rapprochables | Pièce à vivre, WC, Douche, Evier + plaque, Frigo",13 RUE FRANCISCO FERRER 33700 MERIGNAC,https://trouverunlogement.lescrous.fr/tools/47/accommodations/16,https://trouverunlogement.lescrous.fr/tools/47/search?bounds=-0.6386987_44.9161806_-0.5336838_44.8107826&locationName=Bordeaux | https://trouverunlogement.lescrous.fr/tools/47/search?bounds=-0.7569779_44.8627846_-0.6069396_44.7998378&locationName=Mérignac+%2833700%29,2026-07-24T08:54:15+01:00,2026-07-24T08:54:15+01:00
2026-07-24T12:39:11+01:00,added,197fdf79fdf6144e,VICTOIRE,"Individuel, Colocation, Couple","de 402,41 à 804,83 €",402.41,804.83,"45,77 m²",45.77,,"45,77 m² | Individuel, Colocation, Couple | 2 lits rapprochables | WC, Douche, Evier + plaque, Frigo, Balcon | Logement adapté PMR",42 rue Sauteyron 33000 BORDEAUX,https://trouverunlogement.lescrous.fr/tools/47/accommodations/406,https://trouverunlogement.lescrous.fr/tools/47/search?bounds=-0.6386987_44.9161806_-0.5336838_44.8107826&locationName=Bordeaux,2026-07-24T12:39:11+01:00,2026-07-24T12:39:11+01:00
2026-07-24T13:00:18+01:00,removed,197fdf79fdf6144e,VICTOIRE,"Individuel, Colocation, Couple","de 402,41 à 804,83 €",402.41,804.83,"45,77 m²",45.77,,"45,77 m² | Individuel, Colocation, Couple | 2 lits rapprochables | WC, Douche, Evier + plaque, Frigo, Balcon | Logement adapté PMR",42 rue Sauteyron 33000 BORDEAUX,https://trouverunlogement.lescrous.fr/tools/47/accommodations/406,https://trouverunlogement.lescrous.fr/tools/47/search?bounds=-0.6386987_44.9161806_-0.5336838_44.8107826&locationName=Bordeaux,2026-07-24T12:39:11+01:00,2026-07-24T12:39:11+01:00
2026-07-24T13:36:15+01:00,added,4fd3794eaddd31c6,GALILEE,Individuel,"333,71 €",333.71,,"de 16,3 à 19,95 m²",16.3,19.95,"de 16,3 à 19,95 m² | Individuel | 1 lit simple | WC, Douche, Evier + plaque, Frigo",16 avenue Collégno 33400 Talence,https://trouverunlogement.lescrous.fr/tools/47/accommodations/271,https://trouverunlogement.lescrous.fr/tools/47/search?bounds=-0.6111634_44.8252468_-0.5726706_44.7868187&locationName=Talence+%2833400%29 | https://trouverunlogement.lescrous.fr/tools/47/search?bounds=-0.7587897_44.8225797_-0.6029478_44.749435&locationName=Pessac+%2833600%29,2026-07-24T13:36:15+01:00,2026-07-24T13:36:15+01:00
2026-07-24T13:45:13+01:00,removed,4fd3794eaddd31c6,GALILEE,Individuel,"333,71 €",333.71,,"de 16,3 à 19,95 m²",16.3,19.95,"de 16,3 à 19,95 m² | Individuel | 1 lit simple | WC, Douche, Evier + plaque, Frigo",16 avenue Collégno 33400 Talence,https://trouverunlogement.lescrous.fr/tools/47/accommodations/271,https://trouverunlogement.lescrous.fr/tools/47/search?bounds=-0.7587897_44.8225797_-0.6029478_44.749435&locationName=Pessac+%2833600%29,2026-07-24T13:36:15+01:00,2026-07-24T13:42:16+01:00
2026-07-27T17:42:20+01:00,added,57a5daa8d5086967,FRANCOIS MAURIAC,"Individuel, Couple","591,88 €",591.88,,29 m²,29,,"29 m² | Individuel, Couple | 2 lits rapprochables | WC, Douche, Evier + plaque, Frigo",2 Esplanade des Antilles 33600 PESSAC,https://trouverunlogement.lescrous.fr/tools/47/accommodations/249,https://trouverunlogement.lescrous.fr/tools/47/search?bounds=-0.7587897_44.8225797_-0.6029478_44.749435&locationName=Pessac+%2833600%29,2026-07-27T17:42:20+01:00,2026-07-27T17:42:20+01:00
2026-07-27T17:45:12+01:00,added,197fdf79fdf6144e,VICTOIRE,"Individuel, Colocation, Couple","de 402,41 à 804,83 €",402.41,804.83,"45,77 m²",45.77,,"45,77 m² | Individuel, Colocation, Couple | 2 lits rapprochables | WC, Douche, Evier + plaque, Frigo, Balcon | Logement adapté PMR",42 rue Sauteyron 33000 BORDEAUX,https://trouverunlogement.lescrous.fr/tools/47/accommodations/406,https://trouverunlogement.lescrous.fr/tools/47/search?bounds=-0.6386987_44.9161806_-0.5336838_44.8107826&locationName=Bordeaux,2026-07-27T17:45:12+01:00,2026-07-27T17:45:12+01:00
2026-07-28T09:48:23+01:00,removed,197fdf79fdf6144e,VICTOIRE,"Individuel, Colocation, Couple","de 402,41 à 804,83 €",402.41,804.83,"45,77 m²",45.77,,"45,77 m² | Individuel, Colocation, Couple | 2 lits rapprochables | WC, Douche, Evier + plaque, Frigo, Balcon | Logement adapté PMR",42 rue Sauteyron 33000 BORDEAUX,https://trouverunlogement.lescrous.fr/tools/47/accommodations/406,https://trouverunlogement.lescrous.fr/tools/47/search?bounds=-0.6386987_44.9161806_-0.5336838_44.8107826&locationName=Bordeaux,2026-07-27T17:45:12+01:00,2026-07-27T17:45:12+01:00
2026-07-28T13:48:19+01:00,removed,57a5daa8d5086967,FRANCOIS MAURIAC,"Individuel, Couple","591,88 €",591.88,,29 m²,29,,"29 m² | Individuel, Couple | 2 lits rapprochables | WC, Douche, Evier + plaque, Frigo",2 Esplanade des Antilles 33600 PESSAC,https://trouverunlogement.lescrous.fr/tools/47/accommodations/249,https://trouverunlogement.lescrous.fr/tools/47/search?bounds=-0.7587897_44.8225797_-0.6029478_44.749435&locationName=Pessac+%2833600%29,2026-07-27T17:42:20+01:00,2026-07-27T17:42:20+01:00
2026-07-29T10:12:13+01:00,added,f7a01bcacaaf876c,CARREIRE,"Individuel, Colocation, Couple","de 285,58 à 571,15 €",285.58,571.15,37 m²,37,,"37 m² | Individuel, Colocation, Couple | 2 lits rapprochables | Pièce à vivre, WC, Douche, Evier + plaque, Frigo",4 Rue du docteur Rocaz 33000 BORDEAUX,https://trouverunlogement.lescrous.fr/tools/47/accommodations/1695,https://trouverunlogement.lescrous.fr/tools/47/search?bounds=-0.6111634_44.8252468_-0.5726706_44.7868187&locationName=Talence+%2833400%29 | https://trouverunlogement.lescrous.fr/tools/47/search?bounds=-0.6386987_44.9161806_-0.5336838_44.8107826&locationName=Bordeaux | https://trouverunlogement.lescrous.fr/tools/47/search?bounds=-0.7569779_44.8627846_-0.6069396_44.7998378&locationName=Mérignac+%2833700%29,2026-07-29T10:12:13+01:00,2026-07-29T10:12:13+01:00
2026-07-29T12:21:18+01:00,added,2f7b1f440a53e3bc,PIERRE ET MARIE CURIE,"Colocation, Couple","de 284,05 à 568,08 €",284.05,568.08,"de 25,5 à 32,74 m²",25.5,32.74,"de 25,5 à 32,74 m² | Colocation, Couple | 2 lits rapprochables | WC, Douche, Evier + plaque, Frigo",10 AV PREVOST 33400 TALENCE,https://trouverunlogement.lescrous.fr/tools/47/accommodations/523,https://trouverunlogement.lescrous.fr/tools/47/search?bounds=-0.6111634_44.8252468_-0.5726706_44.7868187&locationName=Talence+%2833400%29,2026-07-29T12:21:18+01:00,2026-07-29T12:21:18+01:00
2026-07-29T12:36:18+01:00,removed,f7a01bcacaaf876c,CARREIRE,"Individuel, Colocation, Couple","de 285,58 à 571,15 €",285.58,571.15,37 m²,37,,"37 m² | Individuel, Colocation, Couple | 2 lits rapprochables | Pièce à vivre, WC, Douche, Evier + plaque, Frigo",4 Rue du docteur Rocaz 33000 BORDEAUX,https://trouverunlogement.lescrous.fr/tools/47/accommodations/1695,https://trouverunlogement.lescrous.fr/tools/47/search?bounds=-0.6111634_44.8252468_-0.5726706_44.7868187&locationName=Talence+%2833400%29 | https://trouverunlogement.lescrous.fr/tools/47/search?bounds=-0.6386987_44.9161806_-0.5336838_44.8107826&locationName=Bordeaux | https://trouverunlogement.lescrous.fr/tools/47/search?bounds=-0.7569779_44.8627846_-0.6069396_44.7998378&locationName=Mérignac+%2833700%29,2026-07-29T10:12:13+01:00,2026-07-29T10:12:13+01:00
2026-07-29T12:48:14+01:00,added,f7a01bcacaaf876c,CARREIRE,"Individuel, Colocation, Couple","de 285,58 à 571,15 €",285.58,571.15,37 m²,37,,"37 m² | Individuel, Colocation, Couple | 2 lits rapprochables | Pièce à vivre, WC, Douche, Evier + plaque, Frigo",4 Rue du docteur Rocaz 33000 BORDEAUX,https://trouverunlogement.lescrous.fr/tools/47/accommodations/1695,https://trouverunlogement.lescrous.fr/tools/47/search?bounds=-0.6111634_44.8252468_-0.5726706_44.7868187&locationName=Talence+%2833400%29 | https://trouverunlogement.lescrous.fr/tools/47/search?bounds=-0.6386987_44.9161806_-0.5336838_44.8107826&locationName=Bordeaux | https://trouverunlogement.lescrous.fr/tools/47/search?bounds=-0.7569779_44.8627846_-0.6069396_44.7998378&locationName=Mérignac+%2833700%29,2026-07-29T12:48:14+01:00,2026-07-29T12:48:14+01:00
2026-07-29T13:12:13+01:00,removed,f7a01bcacaaf876c,CARREIRE,"Individuel, Colocation, Couple","de 285,58 à 571,15 €",285.58,571.15,37 m²,37,,"37 m² | Individuel, Colocation, Couple | 2 lits rapprochables | Pièce à vivre, WC, Douche, Evier + plaque, Frigo",4 Rue du docteur Rocaz 33000 BORDEAUX,https://trouverunlogement.lescrous.fr/tools/47/accommodations/1695,https://trouverunlogement.lescrous.fr/tools/47/search?bounds=-0.6111634_44.8252468_-0.5726706_44.7868187&locationName=Talence+%2833400%29 | https://trouverunlogement.lescrous.fr/tools/47/search?bounds=-0.6386987_44.9161806_-0.5336838_44.8107826&locationName=Bordeaux | https://trouverunlogement.lescrous.fr/tools/47/search?bounds=-0.7569779_44.8627846_-0.6069396_44.7998378&locationName=Mérignac+%2833700%29,2026-07-29T12:48:14+01:00,2026-07-29T12:48:14+01:00
2026-07-29T14:27:22+01:00,removed,2f7b1f440a53e3bc,PIERRE ET MARIE CURIE,"Colocation, Couple","de 284,05 à 568,08 €",284.05,568.08,"de 25,5 à 32,74 m²",25.5,32.74,"de 25,5 à 32,74 m² | Colocation, Couple | 2 lits rapprochables | WC, Douche, Evier + plaque, Frigo",10 AV PREVOST 33400 TALENCE,https://trouverunlogement.lescrous.fr/tools/47/accommodations/523,https://trouverunlogement.lescrous.fr/tools/47/search?bounds=-0.6111634_44.8252468_-0.5726706_44.7868187&locationName=Talence+%2833400%29,2026-07-29T12:21:18+01:00,2026-07-29T12:21:18+01:00
2026-07-29T15:03:38+01:00,added,2f7b1f440a53e3bc,PIERRE ET MARIE CURIE,"Colocation, Couple","de 284,05 à 568,08 €",284.05,568.08,"de 25,5 à 32,74 m²",25.5,32.74,"de 25,5 à 32,74 m² | Colocation, Couple | 2 lits rapprochables | WC, Douche, Evier + plaque, Frigo",10 AV PREVOST 33400 TALENCE,https://trouverunlogement.lescrous.fr/tools/47/accommodations/523,https://trouverunlogement.lescrous.fr/tools/47/search?bounds=-0.6111634_44.8252468_-0.5726706_44.7868187&locationName=Talence+%2833400%29,2026-07-29T15:03:38+01:00,2026-07-29T15:03:38+01:00
2026-07-30T08:12:14+01:00,removed,2f7b1f440a53e3bc,PIERRE ET MARIE CURIE,"Colocation, Couple","de 284,05 à 568,08 €",284.05,568.08,"de 25,5 à 32,74 m²",25.5,32.74,"de 25,5 à 32,74 m² | Colocation, Couple | 2 lits rapprochables | WC, Douche, Evier + plaque, Frigo",10 AV PREVOST 33400 TALENCE,https://trouverunlogement.lescrous.fr/tools/47/accommodations/523,https://trouverunlogement.lescrous.fr/tools/47/search?bounds=-0.6111634_44.8252468_-0.5726706_44.7868187&locationName=Talence+%2833400%29,2026-07-29T15:03:38+01:00,2026-07-29T15:03:38+01:00
2026-07-31T08:06:14+01:00,added,197fdf79fdf6144e,VICTOIRE,"Individuel, Colocation, Couple","de 402,41 à 804,83 €",402.41,804.83,"45,77 m²",45.77,,"45,77 m² | Individuel, Colocation, Couple | 2 lits rapprochables | WC, Douche, Evier + plaque, Frigo, Balcon | Logement adapté PMR",42 rue Sauteyron 33000 BORDEAUX,https://trouverunlogement.lescrous.fr/tools/47/accommodations/406,https://trouverunlogement.lescrous.fr/tools/47/search?bounds=-0.6386987_44.9161806_-0.5336838_44.8107826&locationName=Bordeaux,2026-07-31T08:06:14+01:00,2026-07-31T08:06:14+01:00
2026-07-31T13:39:16+01:00,removed,197fdf79fdf6144e,VICTOIRE,"Individuel, Colocation, Couple","de 402,41 à 804,83 €",402.41,804.83,"45,77 m²",45.77,,"45,77 m² | Individuel, Colocation, Couple | 2 lits rapprochables | WC, Douche, Evier + plaque, Frigo, Balcon | Logement adapté PMR",42 rue Sauteyron 33000 BORDEAUX,https://trouverunlogement.lescrous.fr/tools/47/accommodations/406,https://trouverunlogement.lescrous.fr/tools/47/search?bounds=-0.6386987_44.9161806_-0.5336838_44.8107826&locationName=Bordeaux,2026-07-31T08:06:14+01:00,2026-07-31T08:06:14+01:00
2026-08-05T14:15:14+01:00,added,8a7089e2646c5cbc,VILLAGE 3,Individuel,264 €,264,,9 m²,9,,"9 m² | Individuel | 1 lit simple | WC, Douche, Evier + plaque, Frigo",9 Esplanade des Antilles 33600 PESSAC,https://trouverunlogement.lescrous.fr/tools/47/accommodations/2282,https://trouverunlogement.lescrous.fr/tools/47/search?bounds=-0.7587897_44.8225797_-0.6029478_44.749435&locationName=Pessac+%2833600%29,2026-08-05T14:15:14+01:00,2026-08-05T14:15:14+01:00
2026-08-05T14:36:22+01:00,removed,8a7089e2646c5cbc,VILLAGE 3,Individuel,264 €,264,,9 m²,9,,"9 m² | Individuel | 1 lit simple | WC, Douche, Evier + plaque, Frigo",9 Esplanade des Antilles 33600 PESSAC,https://trouverunlogement.lescrous.fr/tools/47/accommodations/2282,https://trouverunlogement.lescrous.fr/tools/47/search?bounds=-0.7587897_44.8225797_-0.6029478_44.749435&locationName=Pessac+%2833600%29,2026-08-05T14:15:14+01:00,2026-08-05T14:15:14+01:00
2026-08-06T07:24:27+01:00,added,9cd1ae8927f0637c,VILLAGE 2,Individuel,264 €,264,,"de 9,5 à 11,8 m²",9.5,11.8,"de 9,5 à 11,8 m² | Individuel | 1 lit simple | WC, Douche, Evier + plaque, Frigo",7 avenue PEY BERLAND 33600 PESSAC,https://trouverunlogement.lescrous.fr/tools/47/accommodations/1902,https://trouverunlogement.lescrous.fr/tools/47/search?bounds=-0.7569779_44.8627846_-0.6069396_44.7998378&locationName=Mérignac+%2833700%29 | https://trouverunlogement.lescrous.fr/tools/47/search?bounds=-0.7587897_44.8225797_-0.6029478_44.749435&locationName=Pessac+%2833600%29,2026-08-06T07:24:27+01:00,2026-08-06T07:24:27+01:00
2026-08-06T09:24:18+01:00,removed,9cd1ae8927f0637c,VILLAGE 2,Individuel,264 €,264,,"de 9,5 à 11,8 m²",9.5,11.8,"de 9,5 à 11,8 m² | Individuel | 1 lit simple | WC, Douche, Evier + plaque, Frigo",7 avenue PEY BERLAND 33600 PESSAC,https://trouverunlogement.lescrous.fr/tools/47/accommodations/1902,https://trouverunlogement.lescrous.fr/tools/47/search?bounds=-0.7569779_44.8627846_-0.6069396_44.7998378&locationName=Mérignac+%2833700%29 | https://trouverunlogement.lescrous.fr/tools/47/search?bounds=-0.7587897_44.8225797_-0.6029478_44.749435&locationName=Pessac+%2833600%29,2026-08-06T07:24:27+01:00,2026-08-06T07:24:27+01:00
2026-08-10T07:09:19+01:00,added,b15ad21aed9a882e,LUMIERES,Colocation,"379,25 €",379.25,,"de 100,96 à 102,56 m²",100.96,102.56,"de 100,96 à 102,56 m² | Colocation | 4 lits simples | Pièce à vivre, WC, Douche, Evier + plaque, Frigo",2 avenue Jean Babin 33600 PESSAC,https://trouverunlogement.lescrous.fr/tools/47/accommodations/584,https://trouverunlogement.lescrous.fr/tools/47/search?bounds=-0.6471483_44.7938687_-0.5854508_44.7423986&locationName=Gradignan+%2833170%29 | https://trouverunlogement.lescrous.fr/tools/47/search?bounds=-0.7587897_44.8225797_-0.6029478_44.749435&locationName=Pessac+%2833600%29,2026-08-10T07:09:19+01:00,2026-08-10T07:09:19+01:00
2026-08-10T10:03:27+01:00,added,d5bb6ff1acd0745f,MAISON DES SCIENTIFIQUES,"Individuel, Colocation, Couple","de 319,14 à 638,29 €",319.14,638.29,33 m²,33,,"33 m² | Individuel, Colocation, Couple | 2 lits rapprochables | Pièce à vivre, WC, Douche, Evier + plaque, Frigo",Avenue des Facultés 33400 TALENCE,https://trouverunlogement.lescrous.fr/tools/47/accommodations/407,https://trouverunlogement.lescrous.fr/tools/47/search?bounds=-0.6111634_44.8252468_-0.5726706_44.7868187&locationName=Talence+%2833400%29 | https://trouverunlogement.lescrous.fr/tools/47/search?bounds=-0.7587897_44.8225797_-0.6029478_44.749435&locationName=Pessac+%2833600%29,2026-08-10T10:03:27+01:00,2026-08-10T10:03:27+01:00
2026-08-10T11:24:26+01:00,removed,d5bb6ff1acd0745f,MAISON DES SCIENTIFIQUES,"Individuel, Colocation, Couple","de 319,14 à 638,29 €",319.14,638.29,33 m²,33,,"33 m² | Individuel, Colocation, Couple | 2 lits rapprochables | Pièce à vivre, WC, Douche, Evier + plaque, Frigo",Avenue des Facultés 33400 TALENCE,https://trouverunlogement.lescrous.fr/tools/47/accommodations/407,https://trouverunlogement.lescrous.fr/tools/47/search?bounds=-0.6111634_44.8252468_-0.5726706_44.7868187&locationName=Talence+%2833400%29 | https://trouverunlogement.lescrous.fr/tools/47/search?bounds=-0.7587897_44.8225797_-0.6029478_44.749435&locationName=Pessac+%2833600%29,2026-08-10T10:03:27+01:00,2026-08-10T10:03:27+01:00
2026-08-10T11:33:18+01:00,removed,b15ad21aed9a882e,LUMIERES,Colocation,"379,25 €",379.25,,"de 100,96 à 102,56 m²",100.96,102.56,"de 100,96 à 102,56 m² | Colocation | 4 lits simples | Pièce à vivre, WC, Douche, Evier + plaque, Frigo",2 avenue Jean Babin 33600 PESSAC,https://trouverunlogement.lescrous.fr/tools/47/accommodations/584,https://trouverunlogement.lescrous.fr/tools/47/search?bounds=-0.6471483_44.7938687_-0.5854508_44.7423986&locationName=Gradignan+%2833170%29 | https://trouverunlogement.lescrous.fr/tools/47/search?bounds=-0.7587897_44.8225797_-0.6029478_44.749435&locationName=Pessac+%2833600%29,2026-08-10T07:09:19+01:00,2026-08-10T07:09:19+01:00
2026-08-12T08:09:19+01:00,added,15c5b61c596de6ea,BUDOS,Individuel,"409,56 €",409.56,,"17,7 m²",17.7,,"17,7 m² | Individuel | 1 lit simple | WC, Douche, Evier + plaque, Frigo",17 RUE DE BUDOS 33000 BORDEAUX,https://trouverunlogement.lescrous.fr/tools/47/accommodations/105,https://trouverunlogement.lescrous.fr/tools/47/search?bounds=-0.6386987_44.9161806_-0.5336838_44.8107826&locationName=Bordeaux,2026-08-12T08:09:19+01:00,2026-08-12T08:09:19+01:00
2026-08-12T08:54:14+01:00,added,0008e72ab218ae5f,MARNE,"Individuel, Colocation, Couple","de 288,97 à 577,93 €",288.97,577.93,"de 35,11 à 38 m²",35.11,38,"de 35,11 à 38 m² | Individuel, Colocation, Couple | 2 lits rapprochables | WC, Douche, Evier + plaque, Frigo",99-101 COURS DE LA MARNE 33000 BORDEAUX,https://trouverunlogement.lescrous.fr/tools/47/accommodations/365,https://trouverunlogement.lescrous.fr/tools/47/search?bounds=-0.6386987_44.9161806_-0.5336838_44.8107826&locationName=Bordeaux,2026-08-12T08:54:14+01:00,2026-08-12T08:54:14+01:00
2026-08-12T09:09:14+01:00,removed,15c5b61c596de6ea,BUDOS,Individuel,"409,56 €",409.56,,"17,7 m²",17.7,,"17,7 m² | Individuel | 1 lit simple | WC, Douche, Evier + plaque, Frigo",17 RUE DE BUDOS 33000 BORDEAUX,https://trouverunlogement.lescrous.fr/tools/47/accommodations/105,https://trouverunlogement.lescrous.fr/tools/47/search?bounds=-0.6386987_44.9161806_-0.5336838_44.8107826&locationName=Bordeaux,2026-08-12T08:09:19+01:00,2026-08-12T08:09:19+01:00
2026-08-12T11:42:16+01:00,added,15c5b61c596de6ea,BUDOS,Individuel,"409,56 €",409.56,,"17,7 m²",17.7,,"17,7 m² | Individuel | 1 lit simple | WC, Douche, Evier + plaque, Frigo",17 RUE DE BUDOS 33000 BORDEAUX,https://trouverunlogement.lescrous.fr/tools/47/accommodations/105,https://trouverunlogement.lescrous.fr/tools/47/search?bounds=-0.6386987_44.9161806_-0.5336838_44.8107826&locationName=Bordeaux,2026-08-12T11:42:16+01:00,2026-08-12T11:42:16+01:00
2026-08-12T13:48:15+01:00,removed,0008e72ab218ae5f,MARNE,"Individuel, Colocation, Couple","de 288,97 à 577,93 €",288.97,577.93,"de 35,11 à 38 m²",35.11,38,"de 35,11 à 38 m² | Individuel, Colocation, Couple | 2 lits rapprochables | WC, Douche, Evier + plaque, Frigo",99-101 COURS DE LA MARNE 33000 BORDEAUX,https://trouverunlogement.lescrous.fr/tools/47/accommodations/365,https://trouverunlogement.lescrous.fr/tools/47/search?bounds=-0.6386987_44.9161806_-0.5336838_44.8107826&locationName=Bordeaux,2026-08-12T08:54:14+01:00,2026-08-12T08:54:14+01:00
2026-08-12T16:00:20+01:00,removed,15c5b61c596de6ea,BUDOS,Individuel,"409,56 €",409.56,,"17,7 m²",17.7,,"17,7 m² | Individuel | 1 lit simple | WC, Douche, Evier + plaque, Frigo",17 RUE DE BUDOS 33000 BORDEAUX,https://trouverunlogement.lescrous.fr/tools/47/accommodations/105,https://trouverunlogement.lescrous.fr/tools/47/search?bounds=-0.6386987_44.9161806_-0.5336838_44.8107826&locationName=Bordeaux,2026-08-12T11:42:16+01:00,2026-08-12T11:42:16+01:00
2026-08-14T06:48:17+01:00,added,fcb56abc0d4482bb,HALIMI,"Individuel, Couple, Colocation","de 329,01 à 658,02 €",329.01,658.02,de 37 à 41 m²,37,41,"de 37 à 41 m² | Individuel, Couple, Colocation | 2 lits rapprochables | Pièce à vivre, WC, Douche, Evier + plaque, Frigo",9 RUE DE LA LOUISIANE 33800 BORDEAUX,https://trouverunlogement.lescrous.fr/tools/47/accommodations/3028,https://trouverunlogement.lescrous.fr/tools/47/search?bounds=-0.6386987_44.9161806_-0.5336838_44.8107826&locationName=Bordeaux,2026-08-14T06:48:17+01:00,2026-08-14T06:48:17+01:00
2026-08-14T09:06:15+01:00,added,0008e72ab218ae5f,MARNE,"Individuel, Colocation, Couple","de 288,97 à 577,93 €",288.97,577.93,"de 35,11 à 38 m²",35.11,38,"de 35,11 à 38 m² | Individuel, Colocation, Couple | 2 lits rapprochables | WC, Douche, Evier + plaque, Frigo",99-101 COURS DE LA MARNE 33000 BORDEAUX,https://trouverunlogement.lescrous.fr/tools/47/accommodations/365,https://trouverunlogement.lescrous.fr/tools/47/search?bounds=-0.6386987_44.9161806_-0.5336838_44.8107826&locationName=Bordeaux,2026-08-14T09:06:15+01:00,2026-08-14T09:06:15+01:00
2026-08-14T10:18:17+01:00,removed,fcb56abc0d4482bb,HALIMI,"Individuel, Couple, Colocation","de 329,01 à 658,02 €",329.01,658.02,de 37 à 41 m²,37,41,"de 37 à 41 m² | Individuel, Couple, Colocation | 2 lits rapprochables | Pièce à vivre, WC, Douche, Evier + plaque, Frigo",9 RUE DE LA LOUISIANE 33800 BORDEAUX,https://trouverunlogement.lescrous.fr/tools/47/accommodations/3028,https://trouverunlogement.lescrous.fr/tools/47/search?bounds=-0.6386987_44.9161806_-0.5336838_44.8107826&locationName=Bordeaux,2026-08-14T06:48:17+01:00,2026-08-14T06:48:17+01:00
2026-08-14T13:09:14+01:00,added,870679973fd27d7e,PIERRE ET MARIE CURIE,Colocation,"421,34 €",421.34,,de 83 à 89 m²,83,89,"de 83 à 89 m² | Colocation | 4 lits simples | Pièce à vivre, WC, Douche, Evier + plaque, Frigo",10 AV PREVOST 33400 TALENCE,https://trouverunlogement.lescrous.fr/tools/47/accommodations/1971,https://trouverunlogement.lescrous.fr/tools/47/search?bounds=-0.6111634_44.8252468_-0.5726706_44.7868187&locationName=Talence+%2833400%29,2026-08-14T13:09:14+01:00,2026-08-14T13:09:14+01:00
2026-08-14T13:48:26+01:00,added,11c6aaa5a0128c12,VILLAGE 1,Individuel,282 €,282,,de 13 à 16 m²,13,16,"de 13 à 16 m² | Individuel | 1 lit simple | WC, Douche, Evier + plaque, Frigo",AVENUE COLLEGNO 33400 TALENCE,https://trouverunlogement.lescrous.fr/tools/47/accommodations/1483,https://trouverunlogement.lescrous.fr/tools/47/search?bounds=-0.6111634_44.8252468_-0.5726706_44.7868187&locationName=Talence+%2833400%29 | https://trouverunlogement.lescrous.fr/tools/47/search?bounds=-0.7587897_44.8225797_-0.6029478_44.749435&locationName=Pessac+%2833600%29,2026-08-14T13:48:26+01:00,2026-08-14T13:48:26+01:00
2026-08-14T13:54:15+01:00,removed,0008e72ab218ae5f,MARNE,"Individuel, Colocation, Couple","de 288,97 à 577,93 €",288.97,577.93,"de 35,11 à 38 m²",35.11,38,"de 35,11 à 38 m² | Individuel, Colocation, Couple | 2 lits rapprochables | WC, Douche, Evier + plaque, Frigo",99-101 COURS DE LA MARNE 33000 BORDEAUX,https://trouverunlogement.lescrous.fr/tools/47/accommodations/365,https://trouverunlogement.lescrous.fr/tools/47/search?bounds=-0.6386987_44.9161806_-0.5336838_44.8107826&locationName=Bordeaux,2026-08-14T09:06:15+01:00,2026-08-14T09:06:15+01:00
2026-08-14T14:27:17+01:00,removed,11c6aaa5a0128c12,VILLAGE 1,Individuel,282 €,282,,de 13 à 16 m²,13,16,"de 13 à 16 m² | Individuel | 1 lit simple | WC, Douche, Evier + plaque, Frigo",AVENUE COLLEGNO 33400 TALENCE,https://trouverunlogement.lescrous.fr/tools/47/accommodations/1483,https://trouverunlogement.lescrous.fr/tools/47/search?bounds=-0.6111634_44.8252468_-0.5726706_44.7868187&locationName=Talence+%2833400%29 | https://trouverunlogement.lescrous.fr/tools/47/search?bounds=-0.7587897_44.8225797_-0.6029478_44.749435&locationName=Pessac+%2833600%29,2026-08-14T13:48:26+01:00,2026-08-14T13:48:26+01:00
2026-08-14T15:00:19+01:00,removed,870679973fd27d7e,PIERRE ET MARIE CURIE,Colocation,"421,34 €",421.34,,de 83 à 89 m²,83,89,"de 83 à 89 m² | Colocation | 4 lits simples | Pièce à vivre, WC, Douche, Evier + plaque, Frigo",10 AV PREVOST 33400 TALENCE,https://trouverunlogement.lescrous.fr/tools/47/accommodations/1971,https://trouverunlogement.lescrous.fr/tools/47/search?bounds=-0.6111634_44.8252468_-0.5726706_44.7868187&locationName=Talence+%2833400%29,2026-08-14T13:09:14+01:00,2026-08-14T13:09:14+01:00
2026-08-14T17:36:15+01:00,added,870679973fd27d7e,PIERRE ET MARIE CURIE,Colocation,"421,34 €",421.34,,de 83 à 89 m²,83,89,"de 83 à 89 m² | Colocation | 4 lits simples | Pièce à vivre, WC, Douche, Evier + plaque, Frigo",10 AV PREVOST 33400 TALENCE,https://trouverunlogement.lescrous.fr/tools/47/accommodations/1971,https://trouverunlogement.lescrous.fr/tools/47/search?bounds=-0.6111634_44.8252468_-0.5726706_44.7868187&locationName=Talence+%2833400%29,2026-08-14T17:36:15+01:00,2026-08-14T17:36:15+01:00
2026-08-14T17:39:16+01:00,added,11c6aaa5a0128c12,VILLAGE 1,Individuel,282 €,282,,de 13 à 16 m²,13,16,"de 13 à 16 m² | Individuel | 1 lit simple | WC, Douche, Evier + plaque, Frigo",AVENUE COLLEGNO 33400 TALENCE,https://trouverunlogement.lescrous.fr/tools/47/accommodations/1483,https://trouverunlogement.lescrous.fr/tools/47/search?bounds=-0.6111634_44.8252468_-0.5726706_44.7868187&locationName=Talence+%2833400%29 | https://trouverunlogement.lescrous.fr/tools/47/search?bounds=-0.7587897_44.8225797_-0.6029478_44.749435&locationName=Pessac+%2833600%29,2026-08-14T17:39:16+01:00,2026-08-14T17:39:16+01:00
2026-08-14T17:42:17+01:00,removed,11c6aaa5a0128c12,VILLAGE 1,Individuel,282 €,282,,de 13 à 16 m²,13,16,"de 13 à 16 m² | Individuel | 1 lit simple | WC, Douche, Evier + plaque, Frigo",AVENUE COLLEGNO 33400 TALENCE,https://trouverunlogement.lescrous.fr/tools/47/accommodations/1483,https://trouverunlogement.lescrous.fr/tools/47/search?bounds=-0.6111634_44.8252468_-0.5726706_44.7868187&locationName=Talence+%2833400%29 | https://trouverunlogement.lescrous.fr/tools/47/search?bounds=-0.7587897_44.8225797_-0.6029478_44.749435&locationName=Pessac+%2833600%29,2026-08-14T17:39:16+01:00,2026-08-14T17:39:16+01:00
2026-08-14T17:42:17+01:00,removed,870679973fd27d7e,PIERRE ET MARIE CURIE,Colocation,"421,34 €",421.34,,de 83 à 89 m²,83,89,"de 83 à 89 m² | Colocation | 4 lits simples | Pièce à vivre, WC, Douche, Evier + plaque, Frigo",10 AV PREVOST 33400 TALENCE,https://trouverunlogement.lescrous.fr/tools/47/accommodations/1971,https://trouverunlogement.lescrous.fr/tools/47/search?bounds=-0.6111634_44.8252468_-0.5726706_44.7868187&locationName=Talence+%2833400%29,2026-08-14T17:36:15+01:00,2026-08-14T17:36:15+01:00
2026-08-14T18:15:19+01:00,added,870679973fd27d7e,PIERRE ET MARIE CURIE,Colocation,"421,34 €",421.34,,de 83 à 89 m²,83,89,"de 83 à 89 m² | Colocation | 4 lits simples | Pièce à vivre, WC, Douche, Evier + plaque, Frigo",10 AV PREVOST 33400 TALENCE,https://trouverunlogement.lescrous.fr/tools/47/accommodations/1971,https://trouverunlogement.lescrous.fr/tools/47/search?bounds=-0.6111634_44.8252468_-0.5726706_44.7868187&locationName=Talence+%2833400%29,2026-08-14T18:15:19+01:00,2026-08-14T18:15:19+01:00
2026-08-14T18:33:16+01:00,removed,870679973fd27d7e,PIERRE ET MARIE CURIE,Colocation,"421,34 €",421.34,,de 83 à 89 m²,83,89,"de 83 à 89 m² | Colocation | 4 lits simples | Pièce à vivre, WC, Douche, Evier + plaque, Frigo",10 AV PREVOST 33400 TALENCE,https://trouverunlogement.lescrous.fr/tools/47/accommodations/1971,https://trouverunlogement.lescrous.fr/tools/47/search?bounds=-0.6111634_44.8252468_-0.5726706_44.7868187&locationName=Talence+%2833400%29,2026-08-14T18:15:19+01:00,2026-08-14T18:15:19+01:00
2026-08-17T07:24:26+01:00,added,0008e72ab218ae5f,MARNE,"Individuel, Colocation, Couple","de 288,97 à 577,93 €",288.97,577.93,"de 35,11 à 38 m²",35.11,38,"de 35,11 à 38 m² | Individuel, Colocation, Couple | 2 lits rapprochables | WC, Douche, Evier + plaque, Frigo",99-101 COURS DE LA MARNE 33000 BORDEAUX,https://trouverunlogement.lescrous.fr/tools/47/accommodations/365,https://trouverunlogement.lescrous.fr/tools/47/search?bounds=-0.6386987_44.9161806_-0.5336838_44.8107826&locationName=Bordeaux,2026-08-17T07:24:26+01:00,2026-08-17T07:24:26+01:00
2026-08-17T07:33:24+01:00,added,e2bdeddfff89e341,MAISON DES SCIENTIFIQUES,Individuel,"399,37 €",399.37,,"18,71 m²",18.71,,"18,71 m² | Individuel | 1 lit simple | WC, Douche, Evier + plaque, Frigo",Avenue des Facultés 33400 TALENCE,https://trouverunlogement.lescrous.fr/tools/47/accommodations/394,https://trouverunlogement.lescrous.fr/tools/47/search?bounds=-0.6111634_44.8252468_-0.5726706_44.7868187&locationName=Talence+%2833400%29,2026-08-17T07:33:24+01:00,2026-08-17T07:33:24+01:00
2026-08-17T08:15:26+01:00,removed,0008e72ab218ae5f,MARNE,"Individuel, Colocation, Couple","de 288,97 à 577,93 €",288.97,577.93,"de 35,11 à 38 m²",35.11,38,"de 35,11 à 38 m² | Individuel, Colocation, Couple | 2 lits rapprochables | WC, Douche, Evier + plaque, Frigo",99-101 COURS DE LA MARNE 33000 BORDEAUX,https://trouverunlogement.lescrous.fr/tools/47/accommodations/365,https://trouverunlogement.lescrous.fr/tools/47/search?bounds=-0.6386987_44.9161806_-0.5336838_44.8107826&locationName=Bordeaux,2026-08-17T07:24:26+01:00,2026-08-17T07:24:26+01:00
2026-08-17T08:18:25+01:00,added,0008e72ab218ae5f,MARNE,"Individuel, Colocation, Couple","de 288,97 à 577,93 €",288.97,577.93,"de 35,11 à 38 m²",35.11,38,"de 35,11 à 38 m² | Individuel, Colocation, Couple | 2 lits rapprochables | WC, Douche, Evier + plaque, Frigo",99-101 COURS DE LA MARNE 33000 BORDEAUX,https://trouverunlogement.lescrous.fr/tools/47/accommodations/365,https://trouverunlogement.lescrous.fr/tools/47/search?bounds=-0.6386987_44.9161806_-0.5336838_44.8107826&locationName=Bordeaux,2026-08-17T08:18:25+01:00,2026-08-17T08:18:25+01:00
2026-08-17T08:24:26+01:00,removed,e2bdeddfff89e341,MAISON DES SCIENTIFIQUES,Individuel,"399,37 €",399.37,,"18,71 m²",18.71,,"18,71 m² | Individuel | 1 lit simple | WC, Douche, Evier + plaque, Frigo",Avenue des Facultés 33400 TALENCE,https://trouverunlogement.lescrous.fr/tools/47/accommodations/394,https://trouverunlogement.lescrous.fr/tools/47/search?bounds=-0.6111634_44.8252468_-0.5726706_44.7868187&locationName=Talence+%2833400%29 | https://trouverunlogement.lescrous.fr/tools/47/search?bounds=-0.7587897_44.8225797_-0.6029478_44.749435&locationName=Pessac+%2833600%29,2026-08-17T07:33:24+01:00,2026-08-17T08:18:25+01:00
2026-08-17T08:27:30+01:00,added,e2bdeddfff89e341,MAISON DES SCIENTIFIQUES,Individuel,"399,37 €",399.37,,"18,71 m²",18.71,,"18,71 m² | Individuel | 1 lit simple | WC, Douche, Evier + plaque, Frigo",Avenue des Facultés 33400 TALENCE,https://trouverunlogement.lescrous.fr/tools/47/accommodations/394,https://trouverunlogement.lescrous.fr/tools/47/search?bounds=-0.6111634_44.8252468_-0.5726706_44.7868187&locationName=Talence+%2833400%29 | https://trouverunlogement.lescrous.fr/tools/47/search?bounds=-0.7587897_44.8225797_-0.6029478_44.749435&locationName=Pessac+%2833600%29,2026-08-17T08:27:30+01:00,2026-08-17T08:27:30+01:00
2026-08-17T08:30:31+01:00,removed,0008e72ab218ae5f,MARNE,"Individuel, Colocation, Couple","de 288,97 à 577,93 €",288.97,577.93,"de 35,11 à 38 m²",35.11,38,"de 35,11 à 38 m² | Individuel, Colocation, Couple | 2 lits rapprochables | WC, Douche, Evier + plaque, Frigo",99-101 COURS DE LA MARNE 33000 BORDEAUX,https://trouverunlogement.lescrous.fr/tools/47/accommodations/365,https://trouverunlogement.lescrous.fr/tools/47/search?bounds=-0.6386987_44.9161806_-0.5336838_44.8107826&locationName=Bordeaux,2026-08-17T08:18:25+01:00,2026-08-17T08:18:25+01:00
2026-08-17T08:33:27+01:00,added,0008e72ab218ae5f,MARNE,"Individuel, Colocation, Couple","de 288,97 à 577,93 €",288.97,577.93,"de 35,11 à 38 m²",35.11,38,"de 35,11 à 38 m² | Individuel, Colocation, Couple | 2 lits rapprochables | WC, Douche, Evier + plaque, Frigo",99-101 COURS DE LA MARNE 33000 BORDEAUX,https://trouverunlogement.lescrous.fr/tools/47/accommodations/365,https://trouverunlogement.lescrous.fr/tools/47/search?bounds=-0.6386987_44.9161806_-0.5336838_44.8107826&locationName=Bordeaux,2026-08-17T08:33:27+01:00,2026-08-17T08:33:27+01:00
2026-08-17T09:18:15+01:00,added,2eaf504070036322,BASTIDE,Individuel,"389,29 €",389.29,,"de 14,5 à 20,79 m²",14.5,20.79,"de 14,5 à 20,79 m² | Individuel | 1 lit simple | WC, Douche, Evier + plaque, Frigo",29 av ABADIE 33100 BORDEAUX,https://trouverunlogement.lescrous.fr/tools/47/accommodations/341,https://trouverunlogement.lescrous.fr/tools/47/search?bounds=-0.6386987_44.9161806_-0.5336838_44.8107826&locationName=Bordeaux,2026-08-17T09:18:15+01:00,2026-08-17T09:18:15+01:00
2026-08-17T09:18:15+01:00,removed,0008e72ab218ae5f,MARNE,"Individuel, Colocation, Couple","de 288,97 à 577,93 €",288.97,577.93,"de 35,11 à 38 m²",35.11,38,"de 35,11 à 38 m² | Individuel, Colocation, Couple | 2 lits rapprochables | WC, Douche, Evier + plaque, Frigo",99-101 COURS DE LA MARNE 33000 BORDEAUX,https://trouverunlogement.lescrous.fr/tools/47/accommodations/365,https://trouverunlogement.lescrous.fr/tools/47/search?bounds=-0.6386987_44.9161806_-0.5336838_44.8107826&locationName=Bordeaux,2026-08-17T08:33:27+01:00,2026-08-17T08:33:27+01:00
2026-08-17T09:18:15+01:00,removed,e2bdeddfff89e341,MAISON DES SCIENTIFIQUES,Individuel,"399,37 €",399.37,,"18,71 m²",18.71,,"18,71 m² | Individuel | 1 lit simple | WC, Douche, Evier + plaque, Frigo",Avenue des Facultés 33400 TALENCE,https://trouverunlogement.lescrous.fr/tools/47/accommodations/394,https://trouverunlogement.lescrous.fr/tools/47/search?bounds=-0.6111634_44.8252468_-0.5726706_44.7868187&locationName=Talence+%2833400%29 | https://trouverunlogement.lescrous.fr/tools/47/search?bounds=-0.7587897_44.8225797_-0.6029478_44.749435&locationName=Pessac+%2833600%29,2026-08-17T08:27:30+01:00,2026-08-17T08:36:31+01:00
2026-08-17T09:21:17+01:00,added,e2bdeddfff89e341,MAISON DES SCIENTIFIQUES,Individuel,"399,37 €",399.37,,"18,71 m²",18.71,,"18,71 m² | Individuel | 1 lit simple | WC, Douche, Evier + plaque, Frigo",Avenue des Facultés 33400 TALENCE,https://trouverunlogement.lescrous.fr/tools/47/accommodations/394,https://trouverunlogement.lescrous.fr/tools/47/search?bounds=-0.6111634_44.8252468_-0.5726706_44.7868187&locationName=Talence+%2833400%29 | https://trouverunlogement.lescrous.fr/tools/47/search?bounds=-0.7587897_44.8225797_-0.6029478_44.749435&locationName=Pessac+%2833600%29,2026-08-17T09:21:17+01:00,2026-08-17T09:21:17+01:00
2026-08-17T09:24:16+01:00,added,15c5b61c596de6ea,BUDOS,Individuel,"409,56 €",409.56,,"17,7 m²",17.7,,"17,7 m² | Individuel | 1 lit simple | WC, Douche, Evier + plaque, Frigo",17 RUE DE BUDOS 33000 BORDEAUX,https://trouverunlogement.lescrous.fr/tools/47/accommodations/105,https://trouverunlogement.lescrous.fr/tools/47/search?bounds=-0.6386987_44.9161806_-0.5336838_44.8107826&locationName=Bordeaux,2026-08-17T09:24:16+01:00,2026-08-17T09:24:16+01:00
2026-08-17T09:36:15+01:00,removed,15c5b61c596de6ea,BUDOS,Individuel,"409,56 €",409.56,,"17,7 m²",17.7,,"17,7 m² | Individuel | 1 lit simple | WC, Douche, Evier + plaque, Frigo",17 RUE DE BUDOS 33000 BORDEAUX,https://trouverunlogement.lescrous.fr/tools/47/accommodations/105,https://trouverunlogement.lescrous.fr/tools/47/search?bounds=-0.6386987_44.9161806_-0.5336838_44.8107826&locationName=Bordeaux,2026-08-17T09:24:16+01:00,2026-08-17T09:24:16+01:00
2026-08-17T10:24:15+01:00,removed,2eaf504070036322,BASTIDE,Individuel,"389,29 €",389.29,,"de 14,5 à 20,79 m²",14.5,20.79,"de 14,5 à 20,79 m² | Individuel | 1 lit simple | WC, Douche, Evier + plaque, Frigo",29 av ABADIE 33100 BORDEAUX,https://trouverunlogement.lescrous.fr/tools/47/accommodations/341,https://trouverunlogement.lescrous.fr/tools/47/search?bounds=-0.6386987_44.9161806_-0.5336838_44.8107826&locationName=Bordeaux,2026-08-17T09:18:15+01:00,2026-08-17T09:18:15+01:00
2026-08-17T10:51:14+01:00,removed,e2bdeddfff89e341,MAISON DES SCIENTIFIQUES,Individuel,"399,37 €",399.37,,"18,71 m²",18.71,,"18,71 m² | Individuel | 1 lit simple | WC, Douche, Evier + plaque, Frigo",Avenue des Facultés 33400 TALENCE,https://trouverunlogement.lescrous.fr/tools/47/accommodations/394,https://trouverunlogement.lescrous.fr/tools/47/search?bounds=-0.6111634_44.8252468_-0.5726706_44.7868187&locationName=Talence+%2833400%29 | https://trouverunlogement.lescrous.fr/tools/47/search?bounds=-0.7587897_44.8225797_-0.6029478_44.749435&locationName=Pessac+%2833600%29,2026-08-17T09:21:17+01:00,2026-08-17T09:21:17+01:00
2026-08-17T10:57:15+01:00,added,11c6aaa5a0128c12,VILLAGE 1,Individuel,282 €,282,,de 13 à 16 m²,13,16,"de 13 à 16 m² | Individuel | 1 lit simple | WC, Douche, Evier + plaque, Frigo",AVENUE COLLEGNO 33400 TALENCE,https://trouverunlogement.lescrous.fr/tools/47/accommodations/1483,https://trouverunlogement.lescrous.fr/tools/47/search?bounds=-0.6111634_44.8252468_-0.5726706_44.7868187&locationName=Talence+%2833400%29 | https://trouverunlogement.lescrous.fr/tools/47/search?bounds=-0.7587897_44.8225797_-0.6029478_44.749435&locationName=Pessac+%2833600%29,2026-08-17T10:57:15+01:00,2026-08-17T10:57:15+01:00
2026-08-17T10:57:15+01:00,added,e2bdeddfff89e341,MAISON DES SCIENTIFIQUES,Individuel,"399,37 €",399.37,,"18,71 m²",18.71,,"18,71 m² | Individuel | 1 lit simple | WC, Douche, Evier + plaque, Frigo",Avenue des Facultés 33400 TALENCE,https://trouverunlogement.lescrous.fr/tools/47/accommodations/394,https://trouverunlogement.lescrous.fr/tools/47/search?bounds=-0.6111634_44.8252468_-0.5726706_44.7868187&locationName=Talence+%2833400%29 | https://trouverunlogement.lescrous.fr/tools/47/search?bounds=-0.7587897_44.8225797_-0.6029478_44.749435&locationName=Pessac+%2833600%29,2026-08-17T10:57:15+01:00,2026-08-17T10:57:15+01:00
2026-08-17T11:03:17+01:00,removed,11c6aaa5a0128c12,VILLAGE 1,Individuel,282 €,282,,de 13 à 16 m²,13,16,"de 13 à 16 m² | Individuel | 1 lit simple | WC, Douche, Evier + plaque, Frigo",AVENUE COLLEGNO 33400 TALENCE,https://trouverunlogement.lescrous.fr/tools/47/accommodations/1483,https://trouverunlogement.lescrous.fr/tools/47/search?bounds=-0.6111634_44.8252468_-0.5726706_44.7868187&locationName=Talence+%2833400%29 | https://trouverunlogement.lescrous.fr/tools/47/search?bounds=-0.7587897_44.8225797_-0.6029478_44.749435&locationName=Pessac+%2833600%29,2026-08-17T10:57:15+01:00,2026-08-17T10:57:15+01:00
2026-08-17T11:06:17+01:00,removed,e2bdeddfff89e341,MAISON DES SCIENTIFIQUES,Individuel,"399,37 €",399.37,,"18,71 m²",18.71,,"18,71 m² | Individuel | 1 lit simple | WC, Douche, Evier + plaque, Frigo",Avenue des Facultés 33400 TALENCE,https://trouverunlogement.lescrous.fr/tools/47/accommodations/394,https://trouverunlogement.lescrous.fr/tools/47/search?bounds=-0.6111634_44.8252468_-0.5726706_44.7868187&locationName=Talence+%2833400%29 | https://trouverunlogement.lescrous.fr/tools/47/search?bounds=-0.7587897_44.8225797_-0.6029478_44.749435&locationName=Pessac+%2833600%29,2026-08-17T10:57:15+01:00,2026-08-17T10:57:15+01:00
2026-08-17T11:21:24+01:00,added,e2bdeddfff89e341,MAISON DES SCIENTIFIQUES,Individuel,"399,37 €",399.37,,"18,71 m²",18.71,,"18,71 m² | Individuel | 1 lit simple | WC, Douche, Evier + plaque, Frigo",Avenue des Facultés 33400 TALENCE,https://trouverunlogement.lescrous.fr/tools/47/accommodations/394,https://trouverunlogement.lescrous.fr/tools/47/search?bounds=-0.6111634_44.8252468_-0.5726706_44.7868187&locationName=Talence+%2833400%29 | https://trouverunlogement.lescrous.fr/tools/47/search?bounds=-0.7587897_44.8225797_-0.6029478_44.749435&locationName=Pessac+%2833600%29,2026-08-17T11:21:24+01:00,2026-08-17T11:21:24+01:00
2026-08-17T11:21:24+01:00,added,85dfbca1074084aa,MARNE,Individuel,"436,78 €",436.78,,"18,33 m²",18.33,,"18,33 m² | Individuel | 1 lit simple | WC, Douche, Evier + plaque, Frigo",99-101 COURS DE LA MARNE 33000 BORDEAUX,https://trouverunlogement.lescrous.fr/tools/47/accommodations/970,https://trouverunlogement.lescrous.fr/tools/47/search?bounds=-0.6386987_44.9161806_-0.5336838_44.8107826&locationName=Bordeaux,2026-08-17T11:21:24+01:00,2026-08-17T11:21:24+01:00
2026-08-17T11:27:15+01:00,removed,e2bdeddfff89e341,MAISON DES SCIENTIFIQUES,Individuel,"399,37 €",399.37,,"18,71 m²",18.71,,"18,71 m² | Individuel | 1 lit simple | WC, Douche, Evier + plaque, Frigo",Avenue des Facultés 33400 TALENCE,https://trouverunlogement.lescrous.fr/tools/47/accommodations/394,https://trouverunlogement.lescrous.fr/tools/47/search?bounds=-0.6111634_44.8252468_-0.5726706_44.7868187&locationName=Talence+%2833400%29 | https://trouverunlogement.lescrous.fr/tools/47/search?bounds=-0.7587897_44.8225797_-0.6029478_44.749435&locationName=Pessac+%2833600%29,2026-08-17T11:21:24+01:00,2026-08-17T11:21:24+01:00
2026-08-17T11:42:13+01:00,added,373fedae06a4d9bf,VILLAGE 1,Individuel,264 €,264,,"de 9 à 10,8 m²",9,10.8,"de 9 à 10,8 m² | Individuel | 1 lit simple | WC, Douche, Frigo",AVENUE COLLEGNO 33400 TALENCE,https://trouverunlogement.lescrous.fr/tools/47/accommodations/1673,https://trouverunlogement.lescrous.fr/tools/47/search?bounds=-0.6111634_44.8252468_-0.5726706_44.7868187&locationName=Talence+%2833400%29 | https://trouverunlogement.lescrous.fr/tools/47/search?bounds=-0.7587897_44.8225797_-0.6029478_44.749435&locationName=Pessac+%2833600%29,2026-08-17T11:42:13+01:00,2026-08-17T11:42:13+01:00
2026-08-17T13:03:13+01:00,added,11c6aaa5a0128c12,VILLAGE 1,Individuel,282 €,282,,de 13 à 16 m²,13,16,"de 13 à 16 m² | Individuel | 1 lit simple | WC, Douche, Evier + plaque, Frigo",AVENUE COLLEGNO 33400 TALENCE,https://trouverunlogement.lescrous.fr/tools/47/accommodations/1483,https://trouverunlogement.lescrous.fr/tools/47/search?bounds=-0.6111634_44.8252468_-0.5726706_44.7868187&locationName=Talence+%2833400%29 | https://trouverunlogement.lescrous.fr/tools/47/search?bounds=-0.7587897_44.8225797_-0.6029478_44.749435&locationName=Pessac+%2833600%29,2026-08-17T13:03:13+01:00,2026-08-17T13:03:13+01:00
2026-08-17T14:00:20+01:00,removed,11c6aaa5a0128c12,VILLAGE 1,Individuel,282 €,282,,de 13 à 16 m²,13,16,"de 13 à 16 m² | Individuel | 1 lit simple | WC, Douche, Evier + plaque, Frigo",AVENUE COLLEGNO 33400 TALENCE,https://trouverunlogement.lescrous.fr/tools/47/accommodations/1483,https://trouverunlogement.lescrous.fr/tools/47/search?bounds=-0.6111634_44.8252468_-0.5726706_44.7868187&locationName=Talence+%2833400%29 | https://trouverunlogement.lescrous.fr/tools/47/search?bounds=-0.7587897_44.8225797_-0.6029478_44.749435&locationName=Pessac+%2833600%29,2026-08-17T13:03:13+01:00,2026-08-17T13:03:13+01:00
2026-08-17T14:54:18+01:00,removed,373fedae06a4d9bf,VILLAGE 1,Individuel,264 €,264,,"de 9 à 10,8 m²",9,10.8,"de 9 à 10,8 m² | Individuel | 1 lit simple | WC, Douche, Frigo",AVENUE COLLEGNO 33400 TALENCE,https://trouverunlogement.lescrous.fr/tools/47/accommodations/1673,https://trouverunlogement.lescrous.fr/tools/47/search?bounds=-0.6111634_44.8252468_-0.5726706_44.7868187&locationName=Talence+%2833400%29 | https://trouverunlogement.lescrous.fr/tools/47/search?bounds=-0.7587897_44.8225797_-0.6029478_44.749435&locationName=Pessac+%2833600%29,2026-08-17T11:42:13+01:00,2026-08-17T11:42:13+01:00
2026-08-17T15:21:16+01:00,added,b15ad21aed9a882e,LUMIERES,Colocation,"379,25 €",379.25,,"de 100,96 à 102,56 m²",100.96,102.56,"de 100,96 à 102,56 m² | Colocation | 4 lits simples | Pièce à vivre, WC, Douche, Evier + plaque, Frigo",2 avenue Jean Babin 33600 PESSAC,https://trouverunlogement.lescrous.fr/tools/47/accommodations/584,https://trouverunlogement.lescrous.fr/tools/47/search?bounds=-0.6471483_44.7938687_-0.5854508_44.7423986&locationName=Gradignan+%2833170%29 | https://trouverunlogement.lescrous.fr/tools/47/search?bounds=-0.7587897_44.8225797_-0.6029478_44.749435&locationName=Pessac+%2833600%29,2026-08-17T15:21:16+01:00,2026-08-17T15:21:16+01:00
2026-08-17T15:21:16+01:00,removed,85dfbca1074084aa,MARNE,Individuel,"436,78 €",436.78,,"18,33 m²",18.33,,"18,33 m² | Individuel | 1 lit simple | WC, Douche, Evier + plaque, Frigo",99-101 COURS DE LA MARNE 33000 BORDEAUX,https://trouverunlogement.lescrous.fr/tools/47/accommodations/970,https://trouverunlogement.lescrous.fr/tools/47/search?bounds=-0.6386987_44.9161806_-0.5336838_44.8107826&locationName=Bordeaux,2026-08-17T11:21:24+01:00,2026-08-17T11:21:24+01:00
2026-08-17T19:57:18+01:00,removed,b15ad21aed9a882e,LUMIERES,Colocation,"379,25 €",379.25,,"de 100,96 à 102,56 m²",100.96,102.56,"de 100,96 à 102,56 m² | Colocation | 4 lits simples | Pièce à vivre, WC, Douche, Evier + plaque, Frigo",2 avenue Jean Babin 33600 PESSAC,https://trouverunlogement.lescrous.fr/tools/47/accommodations/584,https://trouverunlogement.lescrous.fr/tools/47/search?bounds=-0.6471483_44.7938687_-0.5854508_44.7423986&locationName=Gradignan+%2833170%29 | https://trouverunlogement.lescrous.fr/tools/47/search?bounds=-0.7587897_44.8225797_-0.6029478_44.749435&locationName=Pessac+%2833600%29,2026-08-17T15:21:16+01:00,2026-08-17T15:21:16+01:00
2026-08-18T07:54:18+01:00,added,b15ad21aed9a882e,LUMIERES,Colocation,"379,25 €",379.25,,"de 100,96 à 102,56 m²",100.96,102.56,"de 100,96 à 102,56 m² | Colocation | 4 lits simples | Pièce à vivre, WC, Douche, Evier + plaque, Frigo",2 avenue Jean Babin 33600 PESSAC,https://trouverunlogement.lescrous.fr/tools/47/accommodations/584,https://trouverunlogement.lescrous.fr/tools/47/search?bounds=-0.6471483_44.7938687_-0.5854508_44.7423986&locationName=Gradignan+%2833170%29 | https://trouverunlogement.lescrous.fr/tools/47/search?bounds=-0.7587897_44.8225797_-0.6029478_44.749435&locationName=Pessac+%2833600%29,2026-08-18T07:54:18+01:00,2026-08-18T07:54:18+01:00
2026-08-18T08:09:24+01:00,removed,b15ad21aed9a882e,LUMIERES,Colocation,"379,25 €",379.25,,"de 100,96 à 102,56 m²",100.96,102.56,"de 100,96 à 102,56 m² | Colocation | 4 lits simples | Pièce à vivre, WC, Douche, Evier + plaque, Frigo",2 avenue Jean Babin 33600 PESSAC,https://trouverunlogement.lescrous.fr/tools/47/accommodations/584,https://trouverunlogement.lescrous.fr/tools/47/search?bounds=-0.6471483_44.7938687_-0.5854508_44.7423986&locationName=Gradignan+%2833170%29 | https://trouverunlogement.lescrous.fr/tools/47/search?bounds=-0.7587897_44.8225797_-0.6029478_44.749435&locationName=Pessac+%2833600%29,2026-08-18T07:54:18+01:00,2026-08-18T07:54:18+01:00
2026-08-18T15:27:16+01:00,added,f38597d54d0d396f,VILLAGE 5,Individuel,264 €,264,,"de 11,5 à 12 m²",11.5,12,"de 11,5 à 12 m² | Individuel | 1 lit simple | WC, Douche, Evier + plaque, Frigo",20 avenue de BARDANAC 33600 PESSAC,https://trouverunlogement.lescrous.fr/tools/47/accommodations/700,https://trouverunlogement.lescrous.fr/tools/47/search?bounds=-0.7587897_44.8225797_-0.6029478_44.749435&locationName=Pessac+%2833600%29,2026-08-18T15:27:16+01:00,2026-08-18T15:27:16+01:00
2026-08-18T15:27:16+01:00,added,cf584d2491a9268b,RENE MARAN,"Individuel, Colocation, Couple",de 300 à 600 €,300,600,"de 21,3 à 29,8 m²",21.3,29.8,"de 21,3 à 29,8 m² | Individuel, Colocation, Couple | 2 lits rapprochables | WC, Douche, Evier + plaque, Frigo, Micro-onde, Balcon",5 Allée Maine de Biran 33600 PESSAC,https://trouverunlogement.lescrous.fr/tools/47/accommodations/3281,https://trouverunlogement.lescrous.fr/tools/47/search?bounds=-0.7587897_44.8225797_-0.6029478_44.749435&locationName=Pessac+%2833600%29,2026-08-18T15:27:16+01:00,2026-08-18T15:27:16+01:00
2026-08-18T15:30:16+01:00,added,b994cd7a007c848a,RENE MARAN,"Individuel, Couple",600 €,600,,"de 21,3 à 29,8 m²",21.3,29.8,"de 21,3 à 29,8 m² | Individuel, Couple | 2 lits rapprochables | WC, Douche, Evier + plaque, Frigo, Micro-onde, Balcon",5 Allée Maine de Biran 33600 PESSAC,https://trouverunlogement.lescrous.fr/tools/47/accommodations/3281,https://trouverunlogement.lescrous.fr/tools/47/search?bounds=-0.7587897_44.8225797_-0.6029478_44.749435&locationName=Pessac+%2833600%29,2026-08-18T15:30:16+01:00,2026-08-18T15:30:16+01:00
2026-08-18T15:30:16+01:00,removed,cf584d2491a9268b,RENE MARAN,"Individuel, Colocation, Couple",de 300 à 600 €,300,600,"de 21,3 à 29,8 m²",21.3,29.8,"de 21,3 à 29,8 m² | Individuel, Colocation, Couple | 2 lits rapprochables | WC, Douche, Evier + plaque, Frigo, Micro-onde, Balcon",5 Allée Maine de Biran 33600 PESSAC,https://trouverunlogement.lescrous.fr/tools/47/accommodations/3281,https://trouverunlogement.lescrous.fr/tools/47/search?bounds=-0.7587897_44.8225797_-0.6029478_44.749435&locationName=Pessac+%2833600%29,2026-08-18T15:27:16+01:00,2026-08-18T15:27:16+01:00
2026-08-18T15:54:16+01:00,removed,f38597d54d0d396f,VILLAGE 5,Individuel,264 €,264,,"de 11,5 à 12 m²",11.5,12,"de 11,5 à 12 m² | Individuel | 1 lit simple | WC, Douche, Evier + plaque, Frigo",20 avenue de BARDANAC 33600 PESSAC,https://trouverunlogement.lescrous.fr/tools/47/accommodations/700,https://trouverunlogement.lescrous.fr/tools/47/search?bounds=-0.7587897_44.8225797_-0.6029478_44.749435&locationName=Pessac+%2833600%29,2026-08-18T15:27:16+01:00,2026-08-18T15:27:16+01:00
2026-08-18T17:03:14+01:00,added,f38597d54d0d396f,VILLAGE 5,Individuel,264 €,264,,"de 11,5 à 12 m²",11.5,12,"de 11,5 à 12 m² | Individuel | 1 lit simple | WC, Douche, Evier + plaque, Frigo",20 avenue de BARDANAC 33600 PESSAC,https://trouverunlogement.lescrous.fr/tools/47/accommodations/700,https://trouverunlogement.lescrous.fr/tools/47/search?bounds=-0.7587897_44.8225797_-0.6029478_44.749435&locationName=Pessac+%2833600%29,2026-08-18T17:03:14+01:00,2026-08-18T17:03:14+01:00
2026-08-18T17:06:29+01:00,removed,f38597d54d0d396f,VILLAGE 5,Individuel,264 €,264,,"de 11,5 à 12 m²",11.5,12,"de 11,5 à 12 m² | Individuel | 1 lit simple | WC, Douche, Evier + plaque, Frigo",20 avenue de BARDANAC 33600 PESSAC,https://trouverunlogement.lescrous.fr/tools/47/accommodations/700,https://trouverunlogement.lescrous.fr/tools/47/search?bounds=-0.7587897_44.8225797_-0.6029478_44.749435&locationName=Pessac+%2833600%29,2026-08-18T17:03:14+01:00,2026-08-18T17:03:14+01:00
2026-08-19T01:00:24+01:00,removed,b994cd7a007c848a,RENE MARAN,"Individuel, Couple",600 €,600,,"de 21,3 à 29,8 m²",21.3,29.8,"de 21,3 à 29,8 m² | Individuel, Couple | 2 lits rapprochables | WC, Douche, Evier + plaque, Frigo, Micro-onde, Balcon",5 Allée Maine de Biran 33600 PESSAC,https://trouverunlogement.lescrous.fr/tools/47/accommodations/3281,https://trouverunlogement.lescrous.fr/tools/47/search?bounds=-0.7587897_44.8225797_-0.6029478_44.749435&locationName=Pessac+%2833600%29,2026-08-18T15:30:16+01:00,2026-08-18T15:30:16+01:00
2026-08-19T01:03:16+01:00,added,b994cd7a007c848a,RENE MARAN,"Individuel, Couple",600 €,600,,"de 21,3 à 29,8 m²",21.3,29.8,"de 21,3 à 29,8 m² | Individuel, Couple | 2 lits rapprochables | WC, Douche, Evier + plaque, Frigo, Micro-onde, Balcon",5 Allée Maine de Biran 33600 PESSAC,https://trouverunlogement.lescrous.fr/tools/47/accommodations/3281,https://trouverunlogement.lescrous.fr/tools/47/search?bounds=-0.7587897_44.8225797_-0.6029478_44.749435&locationName=Pessac+%2833600%29,2026-08-19T01:03:16+01:00,2026-08-19T01:03:16+01:00
2026-08-19T07:45:45+01:00,removed,b994cd7a007c848a,RENE MARAN,"Individuel, Couple",600 €,600,,"de 21,3 à 29,8 m²",21.3,29.8,"de 21,3 à 29,8 m² | Individuel, Couple | 2 lits rapprochables | WC, Douche, Evier + plaque, Frigo, Micro-onde, Balcon",5 Allée Maine de Biran 33600 PESSAC,https://trouverunlogement.lescrous.fr/tools/47/accommodations/3281,https://trouverunlogement.lescrous.fr/tools/47/search?bounds=-0.7587897_44.8225797_-0.6029478_44.749435&locationName=Pessac+%2833600%29,2026-08-19T01:03:16+01:00,2026-08-19T01:03:16+01:00
2026-08-20T11:45:15+01:00,added,870679973fd27d7e,PIERRE ET MARIE CURIE,Colocation,"421,34 €",421.34,,de 83 à 89 m²,83,89,"de 83 à 89 m² | Colocation | 4 lits simples | Pièce à vivre, WC, Douche, Evier + plaque, Frigo",10 AV PREVOST 33400 TALENCE,https://trouverunlogement.lescrous.fr/tools/47/accommodations/1971,https://trouverunlogement.lescrous.fr/tools/47/search?bounds=-0.6111634_44.8252468_-0.5726706_44.7868187&locationName=Talence+%2833400%29,2026-08-20T11:45:15+01:00,2026-08-20T11:45:15+01:00
2026-08-20T12:42:17+01:00,removed,870679973fd27d7e,PIERRE ET MARIE CURIE,Colocation,"421,34 €",421.34,,de 83 à 89 m²,83,89,"de 83 à 89 m² | Colocation | 4 lits simples | Pièce à vivre, WC, Douche, Evier + plaque, Frigo",10 AV PREVOST 33400 TALENCE,https://trouverunlogement.lescrous.fr/tools/47/accommodations/1971,https://trouverunlogement.lescrous.fr/tools/47/search?bounds=-0.6111634_44.8252468_-0.5726706_44.7868187&locationName=Talence+%2833400%29,2026-08-20T11:45:15+01:00,2026-08-20T11:45:15+01:00
2026-08-20T13:12:17+01:00,added,dacf7f2b853c00b2,VICTOIRE,"Individuel, Colocation, Couple","de 264,87 à 529,71 €",264.87,529.71,"de 24,47 à 28,99 m²",24.47,28.99,"de 24,47 à 28,99 m² | Individuel, Colocation, Couple | 2 lits rapprochables | WC, Douche, Evier + plaque, Frigo",42 rue Sauteyron 33000 BORDEAUX,https://trouverunlogement.lescrous.fr/tools/47/accommodations/715,https://trouverunlogement.lescrous.fr/tools/47/search?bounds=-0.6386987_44.9161806_-0.5336838_44.8107826&locationName=Bordeaux,2026-08-20T13:12:17+01:00,2026-08-20T13:12:17+01:00
2026-08-20T13:12:17+01:00,added,9954df5434ea5ed4,VICTOIRE,"Individuel, Colocation, Couple","de 351,32 à 702,66 €",351.32,702.66,"de 35,76 à 37,12 m²",35.76,37.12,"de 35,76 à 37,12 m² | Individuel, Colocation, Couple | 2 lits rapprochables | WC, Douche, Evier + plaque, Frigo",42 rue Sauteyron 33000 BORDEAUX,https://trouverunlogement.lescrous.fr/tools/47/accommodations/806,https://trouverunlogement.lescrous.fr/tools/47/search?bounds=-0.6386987_44.9161806_-0.5336838_44.8107826&locationName=Bordeaux,2026-08-20T13:12:17+01:00,2026-08-20T13:12:17+01:00
2026-08-20T15:21:27+01:00,removed,9954df5434ea5ed4,VICTOIRE,"Individuel, Colocation, Couple","de 351,32 à 702,66 €",351.32,702.66,"de 35,76 à 37,12 m²",35.76,37.12,"de 35,76 à 37,12 m² | Individuel, Colocation, Couple | 2 lits rapprochables | WC, Douche, Evier + plaque, Frigo",42 rue Sauteyron 33000 BORDEAUX,https://trouverunlogement.lescrous.fr/tools/47/accommodations/806,https://trouverunlogement.lescrous.fr/tools/47/search?bounds=-0.6386987_44.9161806_-0.5336838_44.8107826&locationName=Bordeaux,2026-08-20T13:12:17+01:00,2026-08-20T13:12:17+01:00
2026-08-21T07:39:14+01:00,removed,dacf7f2b853c00b2,VICTOIRE,"Individuel, Colocation, Couple","de 264,87 à 529,71 €",264.87,529.71,"de 24,47 à 28,99 m²",24.47,28.99,"de 24,47 à 28,99 m² | Individuel, Colocation, Couple | 2 lits rapprochables | WC, Douche, Evier + plaque, Frigo",42 rue Sauteyron 33000 BORDEAUX,https://trouverunlogement.lescrous.fr/tools/47/accommodations/715,https://trouverunlogement.lescrous.fr/tools/47/search?bounds=-0.6386987_44.9161806_-0.5336838_44.8107826&locationName=Bordeaux,2026-08-20T13:12:17+01:00,2026-08-20T13:12:17+01:00
2026-08-21T07:51:22+01:00,added,5deb217c18e1c733,PIERRE GILLES DE GENNES,Colocation,"357,79 €",357.79,,"de 78,73 à 88,57 m²",78.73,88.57,"de 78,73 à 88,57 m² | Colocation | 4 lits simples | Pièce à vivre, WC, Douche, Evier + plaque, Frigo, Duplex",10 rue Robert ESCARPIT 33600 PESSAC,https://trouverunlogement.lescrous.fr/tools/47/accommodations/1566,https://trouverunlogement.lescrous.fr/tools/47/search?bounds=-0.6111634_44.8252468_-0.5726706_44.7868187&locationName=Talence+%2833400%29 | https://trouverunlogement.lescrous.fr/tools/47/search?bounds=-0.7569779_44.8627846_-0.6069396_44.7998378&locationName=Mérignac+%2833700%29 | https://trouverunlogement.lescrous.fr/tools/47/search?bounds=-0.7587897_44.8225797_-0.6029478_44.749435&locationName=Pessac+%2833600%29,2026-08-21T07:51:22+01:00,2026-08-21T07:51:22+01:00
2026-08-21T07:51:22+01:00,added,5b71f9d4632c230e,PIERRE ET MARIE CURIE,Individuel,"420,18 €",420.18,,de 18 à 20 m²,18,20,"de 18 à 20 m² | Individuel | 1 lit simple | WC, Douche, Evier + plaque, Frigo",10 AV PREVOST 33400 TALENCE,https://trouverunlogement.lescrous.fr/tools/47/accommodations/558,https://trouverunlogement.lescrous.fr/tools/47/search?bounds=-0.6111634_44.8252468_-0.5726706_44.7868187&locationName=Talence+%2833400%29,2026-08-21T07:51:22+01:00,2026-08-21T07:51:22+01:00
2026-08-21T07:51:22+01:00,added,0acd36193cff121c,PIERRE ET MARIE CURIE,Individuel,"450,62 €",450.62,,"de 20,19 à 22,6 m²",20.19,22.6,"de 20,19 à 22,6 m² | Individuel | 1 lit simple | WC, Douche, Evier + plaque, Frigo",10 AV PREVOST 33400 TALENCE,https://trouverunlogement.lescrous.fr/tools/47/accommodations/570,https://trouverunlogement.lescrous.fr/tools/47/search?bounds=-0.6111634_44.8252468_-0.5726706_44.7868187&locationName=Talence+%2833400%29,2026-08-21T07:51:22+01:00,2026-08-21T07:51:22+01:00
2026-08-21T09:30:17+01:00,removed,5b71f9d4632c230e,PIERRE ET MARIE CURIE,Individuel,"420,18 €",420.18,,de 18 à 20 m²,18,20,"de 18 à 20 m² | Individuel | 1 lit simple | WC, Douche, Evier + plaque, Frigo",10 AV PREVOST 33400 TALENCE,https://trouverunlogement.lescrous.fr/tools/47/accommodations/558,https://trouverunlogement.lescrous.fr/tools/47/search?bounds=-0.6111634_44.8252468_-0.5726706_44.7868187&locationName=Talence+%2833400%29,2026-08-21T07:51:22+01:00,2026-08-21T07:51:22+01:00
2026-08-21T09:33:14+01:00,removed,0acd36193cff121c,PIERRE ET MARIE CURIE,Individuel,"450,62 €",450.62,,"de 20,19 à 22,6 m²",20.19,22.6,"de 20,19 à 22,6 m² | Individuel | 1 lit simple | WC, Douche, Evier + plaque, Frigo",10 AV PREVOST 33400 TALENCE,https://trouverunlogement.lescrous.fr/tools/47/accommodations/570,https://trouverunlogement.lescrous.fr/tools/47/search?bounds=-0.6111634_44.8252468_-0.5726706_44.7868187&locationName=Talence+%2833400%29,2026-08-21T07:51:22+01:00,2026-08-21T07:51:22+01:00
2026-08-21T10:48:18+01:00,added,11c6aaa5a0128c12,VILLAGE 1,Individuel,282 €,282,,de 13 à 16 m²,13,16,"de 13 à 16 m² | Individuel | 1 lit simple | WC, Douche, Evier + plaque, Frigo",AVENUE COLLEGNO 33400 TALENCE,https://trouverunlogement.lescrous.fr/tools/47/accommodations/1483,https://trouverunlogement.lescrous.fr/tools/47/search?bounds=-0.6111634_44.8252468_-0.5726706_44.7868187&locationName=Talence+%2833400%29 | https://trouverunlogement.lescrous.fr/tools/47/search?bounds=-0.7587897_44.8225797_-0.6029478_44.749435&locationName=Pessac+%2833600%29,2026-08-21T10:48:18+01:00,2026-08-21T10:48:18+01:00
2026-08-21T10:54:17+01:00,removed,5deb217c18e1c733,PIERRE GILLES DE GENNES,Colocation,"357,79 €",357.79,,"de 78,73 à 88,57 m²",78.73,88.57,"de 78,73 à 88,57 m² | Colocation | 4 lits simples | Pièce à vivre, WC, Douche, Evier + plaque, Frigo, Duplex",10 rue Robert ESCARPIT 33600 PESSAC,https://trouverunlogement.lescrous.fr/tools/47/accommodations/1566,https://trouverunlogement.lescrous.fr/tools/47/search?bounds=-0.6111634_44.8252468_-0.5726706_44.7868187&locationName=Talence+%2833400%29 | https://trouverunlogement.lescrous.fr/tools/47/search?bounds=-0.7569779_44.8627846_-0.6069396_44.7998378&locationName=Mérignac+%2833700%29 | https://trouverunlogement.lescrous.fr/tools/47/search?bounds=-0.7587897_44.8225797_-0.6029478_44.749435&locationName=Pessac+%2833600%29,2026-08-21T07:51:22+01:00,2026-08-21T07:51:22+01:00
2026-08-21T11:03:19+01:00,removed,11c6aaa5a0128c12,VILLAGE 1,Individuel,282 €,282,,de 13 à 16 m²,13,16,"de 13 à 16 m² | Individuel | 1 lit simple | WC, Douche, Evier + plaque, Frigo",AVENUE COLLEGNO 33400 TALENCE,https://trouverunlogement.lescrous.fr/tools/47/accommodations/1483,https://trouverunlogement.lescrous.fr/tools/47/search?bounds=-0.6111634_44.8252468_-0.5726706_44.7868187&locationName=Talence+%2833400%29 | https://trouverunlogement.lescrous.fr/tools/47/search?bounds=-0.7587897_44.8225797_-0.6029478_44.749435&locationName=Pessac+%2833600%29,2026-08-21T10:48:18+01:00,2026-08-21T10:48:18+01:00
2026-08-21T13:54:18+01:00,added,732e4683e47ff66e,VILLAGE 5,Individuel,264 €,264,,9 m²,9,,"9 m² | Individuel | 1 lit simple | WC, Douche, Frigo, Micro-onde",20 avenue de BARDANAC 33600 PESSAC,https://trouverunlogement.lescrous.fr/tools/47/accommodations/670,https://trouverunlogement.lescrous.fr/tools/47/search?bounds=-0.7587897_44.8225797_-0.6029478_44.749435&locationName=Pessac+%2833600%29,2026-08-21T13:54:18+01:00,2026-08-21T13:54:18+01:00
2026-08-21T14:12:19+01:00,removed,732e4683e47ff66e,VILLAGE 5,Individuel,264 €,264,,9 m²,9,,"9 m² | Individuel | 1 lit simple | WC, Douche, Frigo, Micro-onde",20 avenue de BARDANAC 33600 PESSAC,https://trouverunlogement.lescrous.fr/tools/47/accommodations/670,https://trouverunlogement.lescrous.fr/tools/47/search?bounds=-0.7587897_44.8225797_-0.6029478_44.749435&locationName=Pessac+%2833600%29,2026-08-21T13:54:18+01:00,2026-08-21T13:54:18+01:00
2026-08-24T08:48:16+01:00,added,f38597d54d0d396f,VILLAGE 5,Individuel,264 €,264,,"de 11,5 à 12 m²",11.5,12,"de 11,5 à 12 m² | Individuel | 1 lit simple | WC, Douche, Evier + plaque, Frigo",20 avenue de BARDANAC 33600 PESSAC,https://trouverunlogement.lescrous.fr/tools/47/accommodations/700,https://trouverunlogement.lescrous.fr/tools/47/search?bounds=-0.7587897_44.8225797_-0.6029478_44.749435&locationName=Pessac+%2833600%29,2026-08-24T08:48:16+01:00,2026-08-24T08:48:16+01:00
2026-08-24T09:30:18+01:00,removed,f38597d54d0d396f,VILLAGE 5,Individuel,264 €,264,,"de 11,5 à 12 m²",11.5,12,"de 11,5 à 12 m² | Individuel | 1 lit simple | WC, Douche, Evier + plaque, Frigo",20 avenue de BARDANAC 33600 PESSAC,https://trouverunlogement.lescrous.fr/tools/47/accommodations/700,https://trouverunlogement.lescrous.fr/tools/47/search?bounds=-0.7587897_44.8225797_-0.6029478_44.749435&locationName=Pessac+%2833600%29,2026-08-24T08:48:16+01:00,2026-08-24T08:48:16+01:00
2026-08-24T09:45:16+01:00,added,f38597d54d0d396f,VILLAGE 5,Individuel,264 €,264,,"de 11,5 à 12 m²",11.5,12,"de 11,5 à 12 m² | Individuel | 1 lit simple | WC, Douche, Evier + plaque, Frigo",20 avenue de BARDANAC 33600 PESSAC,https://trouverunlogement.lescrous.fr/tools/47/accommodations/700,https://trouverunlogement.lescrous.fr/tools/47/search?bounds=-0.7587897_44.8225797_-0.6029478_44.749435&locationName=Pessac+%2833600%29,2026-08-24T09:45:16+01:00,2026-08-24T09:45:16+01:00
2026-08-24T09:48:15+01:00,added,5848c80ed5320a6d,LUMIERES,Individuel,"458,56 €",458.56,,"de 20,18 à 26,52 m²",20.18,26.52,"de 20,18 à 26,52 m² | Individuel | 1 lit simple | WC, Douche, Evier + plaque, Frigo",2 avenue Jean Babin 33600 PESSAC,https://trouverunlogement.lescrous.fr/tools/47/accommodations/569,https://trouverunlogement.lescrous.fr/tools/47/search?bounds=-0.6471483_44.7938687_-0.5854508_44.7423986&locationName=Gradignan+%2833170%29 | https://trouverunlogement.lescrous.fr/tools/47/search?bounds=-0.7587897_44.8225797_-0.6029478_44.749435&locationName=Pessac+%2833600%29,2026-08-24T09:48:15+01:00,2026-08-24T09:48:15+01:00
2026-08-24T10:33:17+01:00,removed,f38597d54d0d396f,VILLAGE 5,Individuel,264 €,264,,"de 11,5 à 12 m²",11.5,12,"de 11,5 à 12 m² | Individuel | 1 lit simple | WC, Douche, Evier + plaque, Frigo",20 avenue de BARDANAC 33600 PESSAC,https://trouverunlogement.lescrous.fr/tools/47/accommodations/700,https://trouverunlogement.lescrous.fr/tools/47/search?bounds=-0.7587897_44.8225797_-0.6029478_44.749435&locationName=Pessac+%2833600%29,2026-08-24T09:45:16+01:00,2026-08-24T09:45:16+01:00
2026-08-24T10:33:17+01:00,removed,5848c80ed5320a6d,LUMIERES,Individuel,"458,56 €",458.56,,"de 20,18 à 26,52 m²",20.18,26.52,"de 20,18 à 26,52 m² | Individuel | 1 lit simple | WC, Douche, Evier + plaque, Frigo",2 avenue Jean Babin 33600 PESSAC,https://trouverunlogement.lescrous.fr/tools/47/accommodations/569,https://trouverunlogement.lescrous.fr/tools/47/search?bounds=-0.6471483_44.7938687_-0.5854508_44.7423986&locationName=Gradignan+%2833170%29 | https://trouverunlogement.lescrous.fr/tools/47/search?bounds=-0.7587897_44.8225797_-0.6029478_44.749435&locationName=Pessac+%2833600%29,2026-08-24T09:48:15+01:00,2026-08-24T09:48:15+01:00
2026-08-24T10:42:14+01:00,added,f38597d54d0d396f,VILLAGE 5,Individuel,264 €,264,,"de 11,5 à 12 m²",11.5,12,"de 11,5 à 12 m² | Individuel | 1 lit simple | WC, Douche, Evier + plaque, Frigo",20 avenue de BARDANAC 33600 PESSAC,https://trouverunlogement.lescrous.fr/tools/47/accommodations/700,https://trouverunlogement.lescrous.fr/tools/47/search?bounds=-0.7587897_44.8225797_-0.6029478_44.749435&locationName=Pessac+%2833600%29,2026-08-24T10:42:14+01:00,2026-08-24T10:42:14+01:00
2026-08-24T10:42:14+01:00,added,5848c80ed5320a6d,LUMIERES,Individuel,"458,56 €",458.56,,"de 20,18 à 26,52 m²",20.18,26.52,"de 20,18 à 26,52 m² | Individuel | 1 lit simple | WC, Douche, Evier + plaque, Frigo",2 avenue Jean Babin 33600 PESSAC,https://trouverunlogement.lescrous.fr/tools/47/accommodations/569,https://trouverunlogement.lescrous.fr/tools/47/search?bounds=-0.6471483_44.7938687_-0.5854508_44.7423986&locationName=Gradignan+%2833170%29 | https://trouverunlogement.lescrous.fr/tools/47/search?bounds=-0.7587897_44.8225797_-0.6029478_44.749435&locationName=Pessac+%2833600%29,2026-08-24T10:42:14+01:00,2026-08-24T10:42:14+01:00
2026-08-24T10:57:15+01:00,added,3661d49c20686507,ART DE RIVE,Individuel,497 €,497,,"de 18,1 à 25,1 m²",18.1,25.1,"de 18,1 à 25,1 m² | Individuel | 1 lit simple | WC, Douche, Evier + plaque, Frigo",64 boulevard des frères MOGA 33800 BORDEAUX,https://trouverunlogement.lescrous.fr/tools/47/accommodations/3244,https://trouverunlogement.lescrous.fr/tools/47/search?bounds=-0.6386987_44.9161806_-0.5336838_44.8107826&locationName=Bordeaux,2026-08-24T10:57:15+01:00,2026-08-24T10:57:15+01:00
2026-08-24T11:12:17+01:00,removed,f38597d54d0d396f,VILLAGE 5,Individuel,264 €,264,,"de 11,5 à 12 m²",11.5,12,"de 11,5 à 12 m² | Individuel | 1 lit simple | WC, Douche, Evier + plaque, Frigo",20 avenue de BARDANAC 33600 PESSAC,https://trouverunlogement.lescrous.fr/tools/47/accommodations/700,https://trouverunlogement.lescrous.fr/tools/47/search?bounds=-0.7587897_44.8225797_-0.6029478_44.749435&locationName=Pessac+%2833600%29,2026-08-24T10:42:14+01:00,2026-08-24T10:42:14+01:00
2026-08-24T11:12:17+01:00,removed,5848c80ed5320a6d,LUMIERES,Individuel,"458,56 €",458.56,,"de 20,18 à 26,52 m²",20.18,26.52,"de 20,18 à 26,52 m² | Individuel | 1 lit simple | WC, Douche, Evier + plaque, Frigo",2 avenue Jean Babin 33600 PESSAC,https://trouverunlogement.lescrous.fr/tools/47/accommodations/569,https://trouverunlogement.lescrous.fr/tools/47/search?bounds=-0.6471483_44.7938687_-0.5854508_44.7423986&locationName=Gradignan+%2833170%29 | https://trouverunlogement.lescrous.fr/tools/47/search?bounds=-0.7587897_44.8225797_-0.6029478_44.749435&locationName=Pessac+%2833600%29,2026-08-24T10:42:14+01:00,2026-08-24T10:42:14+01:00
2026-08-24T11:12:17+01:00,removed,3661d49c20686507,ART DE RIVE,Individuel,497 €,497,,"de 18,1 à 25,1 m²",18.1,25.1,"de 18,1 à 25,1 m² | Individuel | 1 lit simple | WC, Douche, Evier + plaque, Frigo",64 boulevard des frères MOGA 33800 BORDEAUX,https://trouverunlogement.lescrous.fr/tools/47/accommodations/3244,https://trouverunlogement.lescrous.fr/tools/47/search?bounds=-0.6386987_44.9161806_-0.5336838_44.8107826&locationName=Bordeaux,2026-08-24T10:57:15+01:00,2026-08-24T10:57:15+01:00
2026-08-24T11:15:16+01:00,added,f38597d54d0d396f,VILLAGE 5,Individuel,264 €,264,,"de 11,5 à 12 m²",11.5,12,"de 11,5 à 12 m² | Individuel | 1 lit simple | WC, Douche, Evier + plaque, Frigo",20 avenue de BARDANAC 33600 PESSAC,https://trouverunlogement.lescrous.fr/tools/47/accommodations/700,https://trouverunlogement.lescrous.fr/tools/47/search?bounds=-0.7587897_44.8225797_-0.6029478_44.749435&locationName=Pessac+%2833600%29,2026-08-24T11:15:16+01:00,2026-08-24T11:15:16+01:00
2026-08-24T11:15:16+01:00,added,5848c80ed5320a6d,LUMIERES,Individuel,"458,56 €",458.56,,"de 20,18 à 26,52 m²",20.18,26.52,"de 20,18 à 26,52 m² | Individuel | 1 lit simple | WC, Douche, Evier + plaque, Frigo",2 avenue Jean Babin 33600 PESSAC,https://trouverunlogement.lescrous.fr/tools/47/accommodations/569,https://trouverunlogement.lescrous.fr/tools/47/search?bounds=-0.6471483_44.7938687_-0.5854508_44.7423986&locationName=Gradignan+%2833170%29 | https://trouverunlogement.lescrous.fr/tools/47/search?bounds=-0.7587897_44.8225797_-0.6029478_44.749435&locationName=Pessac+%2833600%29,2026-08-24T11:15:16+01:00,2026-08-24T11:15:16+01:00
2026-08-24T11:15:16+01:00,added,3661d49c20686507,ART DE RIVE,Individuel,497 €,497,,"de 18,1 à 25,1 m²",18.1,25.1,"de 18,1 à 25,1 m² | Individuel | 1 lit simple | WC, Douche, Evier + plaque, Frigo",64 boulevard des frères MOGA 33800 BORDEAUX,https://trouverunlogement.lescrous.fr/tools/47/accommodations/3244,https://trouverunlogement.lescrous.fr/tools/47/search?bounds=-0.6386987_44.9161806_-0.5336838_44.8107826&locationName=Bordeaux,2026-08-24T11:15:16+01:00,2026-08-24T11:15:16+01:00
2026-08-24T11:24:18+01:00,removed,f38597d54d0d396f,VILLAGE 5,Individuel,264 €,264,,"de 11,5 à 12 m²",11.5,12,"de 11,5 à 12 m² | Individuel | 1 lit simple | WC, Douche, Evier + plaque, Frigo",20 avenue de BARDANAC 33600 PESSAC,https://trouverunlogement.lescrous.fr/tools/47/accommodations/700,https://trouverunlogement.lescrous.fr/tools/47/search?bounds=-0.7587897_44.8225797_-0.6029478_44.749435&locationName=Pessac+%2833600%29,2026-08-24T11:15:16+01:00,2026-08-24T11:15:16+01:00
2026-08-24T11:24:18+01:00,removed,5848c80ed5320a6d,LUMIERES,Individuel,"458,56 €",458.56,,"de 20,18 à 26,52 m²",20.18,26.52,"de 20,18 à 26,52 m² | Individuel | 1 lit simple | WC, Douche, Evier + plaque, Frigo",2 avenue Jean Babin 33600 PESSAC,https://trouverunlogement.lescrous.fr/tools/47/accommodations/569,https://trouverunlogement.lescrous.fr/tools/47/search?bounds=-0.6471483_44.7938687_-0.5854508_44.7423986&locationName=Gradignan+%2833170%29 | https://trouverunlogement.lescrous.fr/tools/47/search?bounds=-0.7587897_44.8225797_-0.6029478_44.749435&locationName=Pessac+%2833600%29,2026-08-24T11:15:16+01:00,2026-08-24T11:15:16+01:00
2026-08-24T11:24:18+01:00,removed,3661d49c20686507,ART DE RIVE,Individuel,497 €,497,,"de 18,1 à 25,1 m²",18.1,25.1,"de 18,1 à 25,1 m² | Individuel | 1 lit simple | WC, Douche, Evier + plaque, Frigo",64 boulevard des frères MOGA 33800 BORDEAUX,https://trouverunlogement.lescrous.fr/tools/47/accommodations/3244,https://trouverunlogement.lescrous.fr/tools/47/search?bounds=-0.6386987_44.9161806_-0.5336838_44.8107826&locationName=Bordeaux,2026-08-24T11:15:16+01:00,2026-08-24T11:15:16+01:00
2026-08-24T11:27:15+01:00,added,f38597d54d0d396f,VILLAGE 5,Individuel,264 €,264,,"de 11,5 à 12 m²",11.5,12,"de 11,5 à 12 m² | Individuel | 1 lit simple | WC, Douche, Evier + plaque, Frigo",20 avenue de BARDANAC 33600 PESSAC,https://trouverunlogement.lescrous.fr/tools/47/accommodations/700,https://trouverunlogement.lescrous.fr/tools/47/search?bounds=-0.7587897_44.8225797_-0.6029478_44.749435&locationName=Pessac+%2833600%29,2026-08-24T11:27:15+01:00,2026-08-24T11:27:15+01:00
2026-08-24T11:27:15+01:00,added,5848c80ed5320a6d,LUMIERES,Individuel,"458,56 €",458.56,,"de 20,18 à 26,52 m²",20.18,26.52,"de 20,18 à 26,52 m² | Individuel | 1 lit simple | WC, Douche, Evier + plaque, Frigo",2 avenue Jean Babin 33600 PESSAC,https://trouverunlogement.lescrous.fr/tools/47/accommodations/569,https://trouverunlogement.lescrous.fr/tools/47/search?bounds=-0.6471483_44.7938687_-0.5854508_44.7423986&locationName=Gradignan+%2833170%29 | https://trouverunlogement.lescrous.fr/tools/47/search?bounds=-0.7587897_44.8225797_-0.6029478_44.749435&locationName=Pessac+%2833600%29,2026-08-24T11:27:15+01:00,2026-08-24T11:27:15+01:00
2026-08-24T11:27:15+01:00,added,3661d49c20686507,ART DE RIVE,Individuel,497 €,497,,"de 18,1 à 25,1 m²",18.1,25.1,"de 18,1 à 25,1 m² | Individuel | 1 lit simple | WC, Douche, Evier + plaque, Frigo",64 boulevard des frères MOGA 33800 BORDEAUX,https://trouverunlogement.lescrous.fr/tools/47/accommodations/3244,https://trouverunlogement.lescrous.fr/tools/47/search?bounds=-0.6386987_44.9161806_-0.5336838_44.8107826&locationName=Bordeaux,2026-08-24T11:27:15+01:00,2026-08-24T11:27:15+01:00
2026-08-24T12:18:13+01:00,removed,f38597d54d0d396f,VILLAGE 5,Individuel,264 €,264,,"de 11,5 à 12 m²",11.5,12,"de 11,5 à 12 m² | Individuel | 1 lit simple | WC, Douche, Evier + plaque, Frigo",20 avenue de BARDANAC 33600 PESSAC,https://trouverunlogement.lescrous.fr/tools/47/accommodations/700,https://trouverunlogement.lescrous.fr/tools/47/search?bounds=-0.7587897_44.8225797_-0.6029478_44.749435&locationName=Pessac+%2833600%29,2026-08-24T11:27:15+01:00,2026-08-24T11:27:15+01:00
2026-08-24T12:18:13+01:00,removed,5848c80ed5320a6d,LUMIERES,Individuel,"458,56 €",458.56,,"de 20,18 à 26,52 m²",20.18,26.52,"de 20,18 à 26,52 m² | Individuel | 1 lit simple | WC, Douche, Evier + plaque, Frigo",2 avenue Jean Babin 33600 PESSAC,https://trouverunlogement.lescrous.fr/tools/47/accommodations/569,https://trouverunlogement.lescrous.fr/tools/47/search?bounds=-0.6471483_44.7938687_-0.5854508_44.7423986&locationName=Gradignan+%2833170%29 | https://trouverunlogement.lescrous.fr/tools/47/search?bounds=-0.7587897_44.8225797_-0.6029478_44.749435&locationName=Pessac+%2833600%29,2026-08-24T11:27:15+01:00,2026-08-24T11:27:15+01:00
2026-08-24T12:24:15+01:00,added,57a5daa8d5086967,FRANCOIS MAURIAC,"Individuel, Couple","591,88 €",591.88,,29 m²,29,,"29 m² | Individuel, Couple | 2 lits rapprochables | WC, Douche, Evier + plaque, Frigo",2 Esplanade des Antilles 33600 PESSAC,https://trouverunlogement.lescrous.fr/tools/47/accommodations/249,https://trouverunlogement.lescrous.fr/tools/47/search?bounds=-0.7587897_44.8225797_-0.6029478_44.749435&locationName=Pessac+%2833600%29,2026-08-24T12:24:15+01:00,2026-08-24T12:24:15+01:00
2026-08-24T13:57:18+01:00,removed,57a5daa8d5086967,FRANCOIS MAURIAC,"Individuel, Couple","591,88 €",591.88,,29 m²,29,,"29 m² | Individuel, Couple | 2 lits rapprochables | WC, Douche, Evier + plaque, Frigo",2 Esplanade des Antilles 33600 PESSAC,https://trouverunlogement.lescrous.fr/tools/47/accommodations/249,https://trouverunlogement.lescrous.fr/tools/47/search?bounds=-0.7587897_44.8225797_-0.6029478_44.749435&locationName=Pessac+%2833600%29,2026-08-24T12:24:15+01:00,2026-08-24T12:24:15+01:00
2026-08-24T14:33:18+01:00,added,85dfbca1074084aa,MARNE,Individuel,"436,78 €",436.78,,"18,33 m²",18.33,,"18,33 m² | Individuel | 1 lit simple | WC, Douche, Evier + plaque, Frigo",99-101 COURS DE LA MARNE 33000 BORDEAUX,https://trouverunlogement.lescrous.fr/tools/47/accommodations/970,https://trouverunlogement.lescrous.fr/tools/47/search?bounds=-0.6386987_44.9161806_-0.5336838_44.8107826&locationName=Bordeaux,2026-08-24T14:33:18+01:00,2026-08-24T14:33:18+01:00
2026-08-24T15:03:19+01:00,added,017ec557e2b20275,CLAIREFONTAINE,Individuel,"386,35 €",386.35,,"20,32 m²",20.32,,"20,32 m² | Individuel | 1 lit simple | WC, Douche, Evier + plaque, Frigo",13 RUE FRANCISCO FERRER 33700 MERIGNAC,https://trouverunlogement.lescrous.fr/tools/47/accommodations/2617,https://trouverunlogement.lescrous.fr/tools/47/search?bounds=-0.6386987_44.9161806_-0.5336838_44.8107826&locationName=Bordeaux | https://trouverunlogement.lescrous.fr/tools/47/search?bounds=-0.7569779_44.8627846_-0.6069396_44.7998378&locationName=Mérignac+%2833700%29,2026-08-24T15:03:19+01:00,2026-08-24T15:03:19+01:00
2026-08-24T15:03:19+01:00,added,17e68ba762f59e9b,PIERRE GILLES DE GENNES,Individuel,"441,72 €",441.72,,"de 18,21 à 22,24 m²",18.21,22.24,"de 18,21 à 22,24 m² | Individuel | 1 lit simple | WC, Douche, Evier + plaque, Frigo",10 rue Robert ESCARPIT 33600 PESSAC,https://trouverunlogement.lescrous.fr/tools/47/accommodations/1541,https://trouverunlogement.lescrous.fr/tools/47/search?bounds=-0.6111634_44.8252468_-0.5726706_44.7868187&locationName=Talence+%2833400%29 | https://trouverunlogement.lescrous.fr/tools/47/search?bounds=-0.7569779_44.8627846_-0.6069396_44.7998378&locationName=Mérignac+%2833700%29 | https://trouverunlogement.lescrous.fr/tools/47/search?bounds=-0.7587897_44.8225797_-0.6029478_44.749435&locationName=Pessac+%2833600%29,2026-08-24T15:03:19+01:00,2026-08-24T15:03:19+01:00
2026-08-24T15:03:19+01:00,added,7e653ee84c760968,AUSONE,"Individuel, Couple","726,52 €",726.52,,"de 42,66 à 42,67 m²",42.66,42.67,"de 42,66 à 42,67 m² | Individuel, Couple | 2 lits rapprochables | Pièce à vivre, WC, Douche, Evier + plaque, Frigo | Logement adapté PMR",10 Lucie Aubrac 33600 PESSAC,https://trouverunlogement.lescrous.fr/tools/47/accommodations/2581,https://trouverunlogement.lescrous.fr/tools/47/search?bounds=-0.6471483_44.7938687_-0.5854508_44.7423986&locationName=Gradignan+%2833170%29 | https://trouverunlogement.lescrous.fr/tools/47/search?bounds=-0.7587897_44.8225797_-0.6029478_44.749435&locationName=Pessac+%2833600%29,2026-08-24T15:03:19+01:00,2026-08-24T15:03:19+01:00
2026-08-24T15:06:16+01:00,added,e42cd4983274da3d,BOETIE,"Individuel, Colocation, Couple","de 261,83 à 523,67 €",261.83,523.67,"33,3 m²",33.3,,"33,3 m² | Individuel, Colocation, Couple | 2 lits rapprochables | Pièce à vivre, WC, Douche, Evier + plaque, Frigo, Duplex",57 RUE SAINT JAMES 33000 bordeaux,https://trouverunlogement.lescrous.fr/tools/47/accommodations/248,https://trouverunlogement.lescrous.fr/tools/47/search?bounds=-0.6386987_44.9161806_-0.5336838_44.8107826&locationName=Bordeaux,2026-08-24T15:06:16+01:00,2026-08-24T15:06:16+01:00
2026-08-24T15:06:16+01:00,added,faaae04ffafe2023,JOSEPHINE BAKER,Individuel,"397,55 €",397.55,,16 m²,16,,"16 m² | Individuel | 1 lit simple | WC, Douche, Evier + plaque, Frigo",8 Rue Lucie Aubrac 33600 PESSAC,https://trouverunlogement.lescrous.fr/tools/47/accommodations/330,https://trouverunlogement.lescrous.fr/tools/47/search?bounds=-0.6471483_44.7938687_-0.5854508_44.7423986&locationName=Gradignan+%2833170%29 | https://trouverunlogement.lescrous.fr/tools/47/search?bounds=-0.7587897_44.8225797_-0.6029478_44.749435&locationName=Pessac+%2833600%29,2026-08-24T15:06:16+01:00,2026-08-24T15:06:16+01:00
2026-08-24T15:06:16+01:00,added,2ded54c39f65b7f1,EMILE DURKHEIM,Individuel,"406,23 €",406.23,,"18,5 m²",18.5,,"18,5 m² | Individuel | 1 lit simple | WC, Douche, Evier + plaque, Frigo | Logement adapté PMR",Allée Ausone / Avenue Léon Duguit 33600 PESSAC,https://trouverunlogement.lescrous.fr/tools/47/accommodations/138,https://trouverunlogement.lescrous.fr/tools/47/search?bounds=-0.7587897_44.8225797_-0.6029478_44.749435&locationName=Pessac+%2833600%29,2026-08-24T15:06:16+01:00,2026-08-24T15:06:16+01:00
2026-08-24T15:06:16+01:00,added,e6b8df0864906e0c,JEAN ANOUILH,Individuel,"517,51 €",517.51,,de 21 à 24 m²,21,24,"de 21 à 24 m² | Individuel | 1 lit simple | WC, Douche, Evier + plaque, Frigo, Balcon",87 CRS ARISTIDE BRIAND 33000 BORDEAUX,https://trouverunlogement.lescrous.fr/tools/47/accommodations/212,https://trouverunlogement.lescrous.fr/tools/47/search?bounds=-0.6386987_44.9161806_-0.5336838_44.8107826&locationName=Bordeaux,2026-08-24T15:06:16+01:00,2026-08-24T15:06:16+01:00
2026-08-24T15:06:16+01:00,added,dfbf704b680282cd,JEAN ANOUILH,Individuel,"595,29 €",595.29,,de 25 à 26 m²,25,26,"de 25 à 26 m² | Individuel | 1 lit simple | WC, Douche, Evier + plaque, Frigo, Balcon",87 CRS ARISTIDE BRIAND 33000 BORDEAUX,https://trouverunlogement.lescrous.fr/tools/47/accommodations/219,https://trouverunlogement.lescrous.fr/tools/47/search?bounds=-0.6386987_44.9161806_-0.5336838_44.8107826&locationName=Bordeaux,2026-08-24T15:06:16+01:00,2026-08-24T15:06:16+01:00
2026-08-24T15:27:15+01:00,removed,17e68ba762f59e9b,PIERRE GILLES DE GENNES,Individuel,"441,72 €",441.72,,"de 18,21 à 22,24 m²",18.21,22.24,"de 18,21 à 22,24 m² | Individuel | 1 lit simple | WC, Douche, Evier + plaque, Frigo",10 rue Robert ESCARPIT 33600 PESSAC,https://trouverunlogement.lescrous.fr/tools/47/accommodations/1541,https://trouverunlogement.lescrous.fr/tools/47/search?bounds=-0.6111634_44.8252468_-0.5726706_44.7868187&locationName=Talence+%2833400%29 | https://trouverunlogement.lescrous.fr/tools/47/search?bounds=-0.7569779_44.8627846_-0.6069396_44.7998378&locationName=Mérignac+%2833700%29 | https://trouverunlogement.lescrous.fr/tools/47/search?bounds=-0.7587897_44.8225797_-0.6029478_44.749435&locationName=Pessac+%2833600%29,2026-08-24T15:03:19+01:00,2026-08-24T15:03:19+01:00
2026-08-24T15:27:15+01:00,removed,e6b8df0864906e0c,JEAN ANOUILH,Individuel,"517,51 €",517.51,,de 21 à 24 m²,21,24,"de 21 à 24 m² | Individuel | 1 lit simple | WC, Douche, Evier + plaque, Frigo, Balcon",87 CRS ARISTIDE BRIAND 33000 BORDEAUX,https://trouverunlogement.lescrous.fr/tools/47/accommodations/212,https://trouverunlogement.lescrous.fr/tools/47/search?bounds=-0.6386987_44.9161806_-0.5336838_44.8107826&locationName=Bordeaux,2026-08-24T15:06:16+01:00,2026-08-24T15:06:16+01:00
2026-08-24T15:27:15+01:00,removed,dfbf704b680282cd,JEAN ANOUILH,Individuel,"595,29 €",595.29,,de 25 à 26 m²,25,26,"de 25 à 26 m² | Individuel | 1 lit simple | WC, Douche, Evier + plaque, Frigo, Balcon",87 CRS ARISTIDE BRIAND 33000 BORDEAUX,https://trouverunlogement.lescrous.fr/tools/47/accommodations/219,https://trouverunlogement.lescrous.fr/tools/47/search?bounds=-0.6386987_44.9161806_-0.5336838_44.8107826&locationName=Bordeaux,2026-08-24T15:06:16+01:00,2026-08-24T15:06:16+01:00
2026-08-24T15:30:19+01:00,removed,017ec557e2b20275,CLAIREFONTAINE,Individuel,"386,35 €",386.35,,"20,32 m²",20.32,,"20,32 m² | Individuel | 1 lit simple | WC, Douche, Evier + plaque, Frigo",13 RUE FRANCISCO FERRER 33700 MERIGNAC,https://trouverunlogement.lescrous.fr/tools/47/accommodations/2617,https://trouverunlogement.lescrous.fr/tools/47/search?bounds=-0.6386987_44.9161806_-0.5336838_44.8107826&locationName=Bordeaux | https://trouverunlogement.lescrous.fr/tools/47/search?bounds=-0.7569779_44.8627846_-0.6069396_44.7998378&locationName=Mérignac+%2833700%29,2026-08-24T15:03:19+01:00,2026-08-24T15:03:19+01:00
2026-08-24T16:09:16+01:00,removed,faaae04ffafe2023,JOSEPHINE BAKER,Individuel,"397,55 €",397.55,,16 m²,16,,"16 m² | Individuel | 1 lit simple | WC, Douche, Evier + plaque, Frigo",8 Rue Lucie Aubrac 33600 PESSAC,https://trouverunlogement.lescrous.fr/tools/47/accommodations/330,https://trouverunlogement.lescrous.fr/tools/47/search?bounds=-0.6471483_44.7938687_-0.5854508_44.7423986&locationName=Gradignan+%2833170%29 | https://trouverunlogement.lescrous.fr/tools/47/search?bounds=-0.7587897_44.8225797_-0.6029478_44.749435&locationName=Pessac+%2833600%29,2026-08-24T15:06:16+01:00,2026-08-24T15:06:16+01:00
2026-08-24T16:18:19+01:00,added,faaae04ffafe2023,JOSEPHINE BAKER,Individuel,"397,55 €",397.55,,16 m²,16,,"16 m² | Individuel | 1 lit simple | WC, Douche, Evier + plaque, Frigo",8 Rue Lucie Aubrac 33600 PESSAC,https://trouverunlogement.lescrous.fr/tools/47/accommodations/330,https://trouverunlogement.lescrous.fr/tools/47/search?bounds=-0.6471483_44.7938687_-0.5854508_44.7423986&locationName=Gradignan+%2833170%29 | https://trouverunlogement.lescrous.fr/tools/47/search?bounds=-0.7587897_44.8225797_-0.6029478_44.749435&locationName=Pessac+%2833600%29,2026-08-24T16:18:19+01:00,2026-08-24T16:18:19+01:00
2026-08-24T16:21:19+01:00,removed,faaae04ffafe2023,JOSEPHINE BAKER,Individuel,"397,55 €",397.55,,16 m²,16,,"16 m² | Individuel | 1 lit simple | WC, Douche, Evier + plaque, Frigo",8 Rue Lucie Aubrac 33600 PESSAC,https://trouverunlogement.lescrous.fr/tools/47/accommodations/330,https://trouverunlogement.lescrous.fr/tools/47/search?bounds=-0.6471483_44.7938687_-0.5854508_44.7423986&locationName=Gradignan+%2833170%29 | https://trouverunlogement.lescrous.fr/tools/47/search?bounds=-0.7587897_44.8225797_-0.6029478_44.749435&locationName=Pessac+%2833600%29,2026-08-24T16:18:19+01:00,2026-08-24T16:18:19+01:00
2026-08-24T16:42:16+01:00,removed,2ded54c39f65b7f1,EMILE DURKHEIM,Individuel,"406,23 €",406.23,,"18,5 m²",18.5,,"18,5 m² | Individuel | 1 lit simple | WC, Douche, Evier + plaque, Frigo | Logement adapté PMR",Allée Ausone / Avenue Léon Duguit 33600 PESSAC,https://trouverunlogement.lescrous.fr/tools/47/accommodations/138,https://trouverunlogement.lescrous.fr/tools/47/search?bounds=-0.7587897_44.8225797_-0.6029478_44.749435&locationName=Pessac+%2833600%29,2026-08-24T15:06:16+01:00,2026-08-24T15:06:16+01:00
2026-08-24T17:51:18+01:00,removed,85dfbca1074084aa,MARNE,Individuel,"436,78 €",436.78,,"18,33 m²",18.33,,"18,33 m² | Individuel | 1 lit simple | WC, Douche, Evier + plaque, Frigo",99-101 COURS DE LA MARNE 33000 BORDEAUX,https://trouverunlogement.lescrous.fr/tools/47/accommodations/970,https://trouverunlogement.lescrous.fr/tools/47/search?bounds=-0.6386987_44.9161806_-0.5336838_44.8107826&locationName=Bordeaux,2026-08-24T14:33:18+01:00,2026-08-24T14:33:18+01:00
2026-08-24T18:21:20+01:00,added,85dfbca1074084aa,MARNE,Individuel,"436,78 €",436.78,,"18,33 m²",18.33,,"18,33 m² | Individuel | 1 lit simple | WC, Douche, Evier + plaque, Frigo",99-101 COURS DE LA MARNE 33000 BORDEAUX,https://trouverunlogement.lescrous.fr/tools/47/accommodations/970,https://trouverunlogement.lescrous.fr/tools/47/search?bounds=-0.6386987_44.9161806_-0.5336838_44.8107826&locationName=Bordeaux,2026-08-24T18:21:20+01:00,2026-08-24T18:21:20+01:00
2026-08-24T18:24:18+01:00,removed,85dfbca1074084aa,MARNE,Individuel,"436,78 €",436.78,,"18,33 m²",18.33,,"18,33 m² | Individuel | 1 lit simple | WC, Douche, Evier + plaque, Frigo",99-101 COURS DE LA MARNE 33000 BORDEAUX,https://trouverunlogement.lescrous.fr/tools/47/accommodations/970,https://trouverunlogement.lescrous.fr/tools/47/search?bounds=-0.6386987_44.9161806_-0.5336838_44.8107826&locationName=Bordeaux,2026-08-24T18:21:20+01:00,2026-08-24T18:21:20+01:00
2026-08-24T21:27:17+01:00,added,85dfbca1074084aa,MARNE,Individuel,"436,78 €",436.78,,"18,33 m²",18.33,,"18,33 m² | Individuel | 1 lit simple | WC, Douche, Evier + plaque, Frigo",99-101 COURS DE LA MARNE 33000 BORDEAUX,https://trouverunlogement.lescrous.fr/tools/47/accommodations/970,https://trouverunlogement.lescrous.fr/tools/47/search?bounds=-0.6386987_44.9161806_-0.5336838_44.8107826&locationName=Bordeaux,2026-08-24T21:27:17+01:00,2026-08-24T21:27:17+01:00
2026-08-24T21:54:19+01:00,removed,85dfbca1074084aa,MARNE,Individuel,"436,78 €",436.78,,"18,33 m²",18.33,,"18,33 m² | Individuel | 1 lit simple | WC, Douche, Evier + plaque, Frigo",99-101 COURS DE LA MARNE 33000 BORDEAUX,https://trouverunlogement.lescrous.fr/tools/47/accommodations/970,https://trouverunlogement.lescrous.fr/tools/47/search?bounds=-0.6386987_44.9161806_-0.5336838_44.8107826&locationName=Bordeaux,2026-08-24T21:27:17+01:00,2026-08-24T21:27:17+01:00
2026-08-24T22:18:16+01:00,removed,3661d49c20686507,ART DE RIVE,Individuel,497 €,497,,"de 18,1 à 25,1 m²",18.1,25.1,"de 18,1 à 25,1 m² | Individuel | 1 lit simple | WC, Douche, Evier + plaque, Frigo",64 boulevard des frères MOGA 33800 BORDEAUX,https://trouverunlogement.lescrous.fr/tools/47/accommodations/3244,https://trouverunlogement.lescrous.fr/tools/47/search?bounds=-0.6386987_44.9161806_-0.5336838_44.8107826&locationName=Bordeaux,2026-08-24T11:27:15+01:00,2026-08-24T11:27:15+01:00
2026-08-24T23:27:16+01:00,added,faaae04ffafe2023,JOSEPHINE BAKER,Individuel,"397,55 €",397.55,,16 m²,16,,"16 m² | Individuel | 1 lit simple | WC, Douche, Evier + plaque, Frigo",8 Rue Lucie Aubrac 33600 PESSAC,https://trouverunlogement.lescrous.fr/tools/47/accommodations/330,https://trouverunlogement.lescrous.fr/tools/47/search?bounds=-0.6471483_44.7938687_-0.5854508_44.7423986&locationName=Gradignan+%2833170%29 | https://trouverunlogement.lescrous.fr/tools/47/search?bounds=-0.7587897_44.8225797_-0.6029478_44.749435&locationName=Pessac+%2833600%29,2026-08-24T23:27:16+01:00,2026-08-24T23:27:16+01:00
2026-08-24T23:30:20+01:00,removed,faaae04ffafe2023,JOSEPHINE BAKER,Individuel,"397,55 €",397.55,,16 m²,16,,"16 m² | Individuel | 1 lit simple | WC, Douche, Evier + plaque, Frigo",8 Rue Lucie Aubrac 33600 PESSAC,https://trouverunlogement.lescrous.fr/tools/47/accommodations/330,https://trouverunlogement.lescrous.fr/tools/47/search?bounds=-0.6471483_44.7938687_-0.5854508_44.7423986&locationName=Gradignan+%2833170%29 | https://trouverunlogement.lescrous.fr/tools/47/search?bounds=-0.7587897_44.8225797_-0.6029478_44.749435&locationName=Pessac+%2833600%29,2026-08-24T23:27:16+01:00,2026-08-24T23:27:16+01:00
2026-08-25T01:00:21+01:00,removed,7e653ee84c760968,AUSONE,"Individuel, Couple","726,52 €",726.52,,"de 42,66 à 42,67 m²",42.66,42.67,"de 42,66 à 42,67 m² | Individuel, Couple | 2 lits rapprochables | Pièce à vivre, WC, Douche, Evier + plaque, Frigo | Logement adapté PMR",10 Lucie Aubrac 33600 PESSAC,https://trouverunlogement.lescrous.fr/tools/47/accommodations/2581,https://trouverunlogement.lescrous.fr/tools/47/search?bounds=-0.6471483_44.7938687_-0.5854508_44.7423986&locationName=Gradignan+%2833170%29 | https://trouverunlogement.lescrous.fr/tools/47/search?bounds=-0.7587897_44.8225797_-0.6029478_44.749435&locationName=Pessac+%2833600%29,2026-08-24T15:03:19+01:00,2026-08-24T15:03:19+01:00
2026-08-25T01:03:18+01:00,added,7e653ee84c760968,AUSONE,"Individuel, Couple","726,52 €",726.52,,"de 42,66 à 42,67 m²",42.66,42.67,"de 42,66 à 42,67 m² | Individuel, Couple | 2 lits rapprochables | Pièce à vivre, WC, Douche, Evier + plaque, Frigo | Logement adapté PMR",10 Lucie Aubrac 33600 PESSAC,https://trouverunlogement.lescrous.fr/tools/47/accommodations/2581,https://trouverunlogement.lescrous.fr/tools/47/search?bounds=-0.6471483_44.7938687_-0.5854508_44.7423986&locationName=Gradignan+%2833170%29 | https://trouverunlogement.lescrous.fr/tools/47/search?bounds=-0.7587897_44.8225797_-0.6029478_44.749435&locationName=Pessac+%2833600%29,2026-08-25T01:03:18+01:00,2026-08-25T01:03:18+01:00
2026-08-25T07:15:14+01:00,added,5848c80ed5320a6d,LUMIERES,Individuel,"458,56 €",458.56,,"de 20,18 à 26,52 m²",20.18,26.52,"de 20,18 à 26,52 m² | Individuel | 1 lit simple | WC, Douche, Evier + plaque, Frigo",2 avenue Jean Babin 33600 PESSAC,https://trouverunlogement.lescrous.fr/tools/47/accommodations/569,https://trouverunlogement.lescrous.fr/tools/47/search?bounds=-0.6471483_44.7938687_-0.5854508_44.7423986&locationName=Gradignan+%2833170%29 | https://trouverunlogement.lescrous.fr/tools/47/search?bounds=-0.7587897_44.8225797_-0.6029478_44.749435&locationName=Pessac+%2833600%29,2026-08-25T07:15:14+01:00,2026-08-25T07:15:14+01:00
2026-08-25T07:15:14+01:00,added,57a5daa8d5086967,FRANCOIS MAURIAC,"Individuel, Couple","591,88 €",591.88,,29 m²,29,,"29 m² | Individuel, Couple | 2 lits rapprochables | WC, Douche, Evier + plaque, Frigo",2 Esplanade des Antilles 33600 PESSAC,https://trouverunlogement.lescrous.fr/tools/47/accommodations/249,https://trouverunlogement.lescrous.fr/tools/47/search?bounds=-0.7587897_44.8225797_-0.6029478_44.749435&locationName=Pessac+%2833600%29,2026-08-25T07:15:14+01:00,2026-08-25T07:15:14+01:00
2026-08-25T07:18:15+01:00,added,d5bb6ff1acd0745f,MAISON DES SCIENTIFIQUES,"Individuel, Colocation, Couple","de 319,14 à 638,29 €",319.14,638.29,33 m²,33,,"33 m² | Individuel, Colocation, Couple | 2 lits rapprochables | Pièce à vivre, WC, Douche, Evier + plaque, Frigo",Avenue des Facultés 33400 TALENCE,https://trouverunlogement.lescrous.fr/tools/47/accommodations/407,https://trouverunlogement.lescrous.fr/tools/47/search?bounds=-0.6111634_44.8252468_-0.5726706_44.7868187&locationName=Talence+%2833400%29 | https://trouverunlogement.lescrous.fr/tools/47/search?bounds=-0.7587897_44.8225797_-0.6029478_44.749435&locationName=Pessac+%2833600%29,2026-08-25T07:18:15+01:00,2026-08-25T07:18:15+01:00
2026-08-25T07:18:15+01:00,added,e2bdeddfff89e341,MAISON DES SCIENTIFIQUES,Individuel,"399,37 €",399.37,,"18,71 m²",18.71,,"18,71 m² | Individuel | 1 lit simple | WC, Douche, Evier + plaque, Frigo",Avenue des Facultés 33400 TALENCE,https://trouverunlogement.lescrous.fr/tools/47/accommodations/394,https://trouverunlogement.lescrous.fr/tools/47/search?bounds=-0.6111634_44.8252468_-0.5726706_44.7868187&locationName=Talence+%2833400%29 | https://trouverunlogement.lescrous.fr/tools/47/search?bounds=-0.7587897_44.8225797_-0.6029478_44.749435&locationName=Pessac+%2833600%29,2026-08-25T07:18:15+01:00,2026-08-25T07:18:15+01:00
2026-08-25T07:36:17+01:00,added,3661d49c20686507,ART DE RIVE,Individuel,497 €,497,,"de 18,1 à 25,1 m²",18.1,25.1,"de 18,1 à 25,1 m² | Individuel | 1 lit simple | WC, Douche, Evier + plaque, Frigo",64 boulevard des frères MOGA 33800 BORDEAUX,https://trouverunlogement.lescrous.fr/tools/47/accommodations/3244,https://trouverunlogement.lescrous.fr/tools/47/search?bounds=-0.6386987_44.9161806_-0.5336838_44.8107826&locationName=Bordeaux,2026-08-25T07:36:17+01:00,2026-08-25T07:36:17+01:00
2026-08-25T08:03:17+01:00,removed,3661d49c20686507,ART DE RIVE,Individuel,497 €,497,,"de 18,1 à 25,1 m²",18.1,25.1,"de 18,1 à 25,1 m² | Individuel | 1 lit simple | WC, Douche, Evier + plaque, Frigo",64 boulevard des frères MOGA 33800 BORDEAUX,https://trouverunlogement.lescrous.fr/tools/47/accommodations/3244,https://trouverunlogement.lescrous.fr/tools/47/search?bounds=-0.6386987_44.9161806_-0.5336838_44.8107826&locationName=Bordeaux,2026-08-25T07:36:17+01:00,2026-08-25T07:36:17+01:00
2026-08-25T08:09:15+01:00,added,2ded54c39f65b7f1,EMILE DURKHEIM,Individuel,"406,23 €",406.23,,"18,5 m²",18.5,,"18,5 m² | Individuel | 1 lit simple | WC, Douche, Evier + plaque, Frigo | Logement adapté PMR",Allée Ausone / Avenue Léon Duguit 33600 PESSAC,https://trouverunlogement.lescrous.fr/tools/47/accommodations/138,https://trouverunlogement.lescrous.fr/tools/47/search?bounds=-0.7587897_44.8225797_-0.6029478_44.749435&locationName=Pessac+%2833600%29,2026-08-25T08:09:15+01:00,2026-08-25T08:09:15+01:00
2026-08-25T08:48:13+01:00,removed,2ded54c39f65b7f1,EMILE DURKHEIM,Individuel,"406,23 €",406.23,,"18,5 m²",18.5,,"18,5 m² | Individuel | 1 lit simple | WC, Douche, Evier + plaque, Frigo | Logement adapté PMR",Allée Ausone / Avenue Léon Duguit 33600 PESSAC,https://trouverunlogement.lescrous.fr/tools/47/accommodations/138,https://trouverunlogement.lescrous.fr/tools/47/search?bounds=-0.7587897_44.8225797_-0.6029478_44.749435&locationName=Pessac+%2833600%29,2026-08-25T08:09:15+01:00,2026-08-25T08:09:15+01:00
2026-08-25T09:00:22+01:00,removed,e2bdeddfff89e341,MAISON DES SCIENTIFIQUES,Individuel,"399,37 €",399.37,,"18,71 m²",18.71,,"18,71 m² | Individuel | 1 lit simple | WC, Douche, Evier + plaque, Frigo",Avenue des Facultés 33400 TALENCE,https://trouverunlogement.lescrous.fr/tools/47/accommodations/394,https://trouverunlogement.lescrous.fr/tools/47/search?bounds=-0.6111634_44.8252468_-0.5726706_44.7868187&locationName=Talence+%2833400%29 | https://trouverunlogement.lescrous.fr/tools/47/search?bounds=-0.7587897_44.8225797_-0.6029478_44.749435&locationName=Pessac+%2833600%29,2026-08-25T07:18:15+01:00,2026-08-25T07:18:15+01:00
2026-08-25T09:24:18+01:00,removed,e42cd4983274da3d,BOETIE,"Individuel, Colocation, Couple","de 261,83 à 523,67 €",261.83,523.67,"33,3 m²",33.3,,"33,3 m² | Individuel, Colocation, Couple | 2 lits rapprochables | Pièce à vivre, WC, Douche, Evier + plaque, Frigo, Duplex",57 RUE SAINT JAMES 33000 bordeaux,https://trouverunlogement.lescrous.fr/tools/47/accommodations/248,https://trouverunlogement.lescrous.fr/tools/47/search?bounds=-0.6386987_44.9161806_-0.5336838_44.8107826&locationName=Bordeaux,2026-08-24T15:06:16+01:00,2026-08-24T15:06:16+01:00
2026-08-25T10:27:17+01:00,removed,d5bb6ff1acd0745f,MAISON DES SCIENTIFIQUES,"Individuel, Colocation, Couple","de 319,14 à 638,29 €",319.14,638.29,33 m²,33,,"33 m² | Individuel, Colocation, Couple | 2 lits rapprochables | Pièce à vivre, WC, Douche, Evier + plaque, Frigo",Avenue des Facultés 33400 TALENCE,https://trouverunlogement.lescrous.fr/tools/47/accommodations/407,https://trouverunlogement.lescrous.fr/tools/47/search?bounds=-0.6111634_44.8252468_-0.5726706_44.7868187&locationName=Talence+%2833400%29 | https://trouverunlogement.lescrous.fr/tools/47/search?bounds=-0.7587897_44.8225797_-0.6029478_44.749435&locationName=Pessac+%2833600%29,2026-08-25T07:18:15+01:00,2026-08-25T07:18:15+01:00
2026-08-25T10:36:16+01:00,removed,5848c80ed5320a6d,LUMIERES,Individuel,"458,56 €",458.56,,"de 20,18 à 26,52 m²",20.18,26.52,"de 20,18 à 26,52 m² | Individuel | 1 lit simple | WC, Douche, Evier + plaque, Frigo",2 avenue Jean Babin 33600 PESSAC,https://trouverunlogement.lescrous.fr/tools/47/accommodations/569,https://trouverunlogement.lescrous.fr/tools/47/search?bounds=-0.6471483_44.7938687_-0.5854508_44.7423986&locationName=Gradignan+%2833170%29 | https://trouverunlogement.lescrous.fr/tools/47/search?bounds=-0.7587897_44.8225797_-0.6029478_44.749435&locationName=Pessac+%2833600%29,2026-08-25T07:15:14+01:00,2026-08-25T07:15:14+01:00
2026-08-25T13:00:26+01:00,removed,7e653ee84c760968,AUSONE,"Individuel, Couple","726,52 €",726.52,,"de 42,66 à 42,67 m²",42.66,42.67,"de 42,66 à 42,67 m² | Individuel, Couple | 2 lits rapprochables | Pièce à vivre, WC, Douche, Evier + plaque, Frigo | Logement adapté PMR",10 Lucie Aubrac 33600 PESSAC,https://trouverunlogement.lescrous.fr/tools/47/accommodations/2581,https://trouverunlogement.lescrous.fr/tools/47/search?bounds=-0.6471483_44.7938687_-0.5854508_44.7423986&locationName=Gradignan+%2833170%29 | https://trouverunlogement.lescrous.fr/tools/47/search?bounds=-0.7587897_44.8225797_-0.6029478_44.749435&locationName=Pessac+%2833600%29,2026-08-25T01:03:18+01:00,2026-08-25T01:03:18+01:00
2026-08-26T08:36:14+01:00,removed,57a5daa8d5086967,FRANCOIS MAURIAC,"Individuel, Couple","591,88 €",591.88,,29 m²,29,,"29 m² | Individuel, Couple | 2 lits rapprochables | WC, Douche, Evier + plaque, Frigo",2 Esplanade des Antilles 33600 PESSAC,https://trouverunlogement.lescrous.fr/tools/47/accommodations/249,https://trouverunlogement.lescrous.fr/tools/47/search?bounds=-0.7587897_44.8225797_-0.6029478_44.749435&locationName=Pessac+%2833600%29,2026-08-25T07:15:14+01:00,2026-08-25T07:15:14+01:00
2026-08-26T08:45:28+01:00,added,d02afb18742976e9,FONTBELLEAU,Individuel,390 €,390,,"de 18,4 à 19,2 m²",18.4,19.2,"de 18,4 à 19,2 m² | Individuel | 1 lit simple | WC, Douche, Evier + plaque, Frigo",717 Avenue de PARIS 33310 LORMONT,https://trouverunlogement.lescrous.fr/tools/47/accommodations/3248,https://trouverunlogement.lescrous.fr/tools/47/search?bounds=-0.5413769_44.8891965_-0.493982_44.8605289&locationName=Lormont+%2833310%29,2026-08-26T08:45:28+01:00,2026-08-26T08:45:28+01:00
2026-08-26T13:48:15+01:00,added,f28ad470663297f4,RENE MARAN,Individuel,264 €,264,,"de 9,44 à 12,6 m²",9.44,12.6,"de 9,44 à 12,6 m² | Individuel | 1 lit simple | WC, Douche, Evier + plaque, Frigo",5 Allée Maine de Biran 33600 PESSAC,https://trouverunlogement.lescrous.fr/tools/47/accommodations/2808,https://trouverunlogement.lescrous.fr/tools/47/search?bounds=-0.7587897_44.8225797_-0.6029478_44.749435&locationName=Pessac+%2833600%29,2026-08-26T13:48:15+01:00,2026-08-26T13:48:15+01:00
2026-08-26T14:03:15+01:00,removed,f28ad470663297f4,RENE MARAN,Individuel,264 €,264,,"de 9,44 à 12,6 m²",9.44,12.6,"de 9,44 à 12,6 m² | Individuel | 1 lit simple | WC, Douche, Evier + plaque, Frigo",5 Allée Maine de Biran 33600 PESSAC,https://trouverunlogement.lescrous.fr/tools/47/accommodations/2808,https://trouverunlogement.lescrous.fr/tools/47/search?bounds=-0.7587897_44.8225797_-0.6029478_44.749435&locationName=Pessac+%2833600%29,2026-08-26T13:48:15+01:00,2026-08-26T13:48:15+01:00
2026-08-27T01:00:18+01:00,removed,d02afb18742976e9,FONTBELLEAU,Individuel,390 €,390,,"de 18,4 à 19,2 m²",18.4,19.2,"de 18,4 à 19,2 m² | Individuel | 1 lit simple | WC, Douche, Evier + plaque, Frigo",717 Avenue de PARIS 33310 LORMONT,https://trouverunlogement.lescrous.fr/tools/47/accommodations/3248,https://trouverunlogement.lescrous.fr/tools/47/search?bounds=-0.5413769_44.8891965_-0.493982_44.8605289&locationName=Lormont+%2833310%29,2026-08-26T08:45:28+01:00,2026-08-26T08:45:28+01:00
2026-08-27T01:03:16+01:00,added,d02afb18742976e9,FONTBELLEAU,Individuel,390 €,390,,"de 18,4 à 19,2 m²",18.4,19.2,"de 18,4 à 19,2 m² | Individuel | 1 lit simple | WC, Douche, Evier + plaque, Frigo",717 Avenue de PARIS 33310 LORMONT,https://trouverunlogement.lescrous.fr/tools/47/accommodations/3248,https://trouverunlogement.lescrous.fr/tools/47/search?bounds=-0.5413769_44.8891965_-0.493982_44.8605289&locationName=Lormont+%2833310%29,2026-08-27T01:03:16+01:00,2026-08-27T01:03:16+01:00
2026-08-27T07:15:12+01:00,added,e2bdeddfff89e341,MAISON DES SCIENTIFIQUES,Individuel,"399,37 €",399.37,,"18,71 m²",18.71,,"18,71 m² | Individuel | 1 lit simple | WC, Douche, Evier + plaque, Frigo",Avenue des Facultés 33400 TALENCE,https://trouverunlogement.lescrous.fr/tools/47/accommodations/394,https://trouverunlogement.lescrous.fr/tools/47/search?bounds=-0.6111634_44.8252468_-0.5726706_44.7868187&locationName=Talence+%2833400%29 | https://trouverunlogement.lescrous.fr/tools/47/search?bounds=-0.7587897_44.8225797_-0.6029478_44.749435&locationName=Pessac+%2833600%29,2026-08-27T07:15:12+01:00,2026-08-27T07:15:12+01:00
2026-08-27T08:30:17+01:00,removed,e2bdeddfff89e341,MAISON DES SCIENTIFIQUES,Individuel,"399,37 €",399.37,,"18,71 m²",18.71,,"18,71 m² | Individuel | 1 lit simple | WC, Douche, Evier + plaque, Frigo",Avenue des Facultés 33400 TALENCE,https://trouverunlogement.lescrous.fr/tools/47/accommodations/394,https://trouverunlogement.lescrous.fr/tools/47/search?bounds=-0.6111634_44.8252468_-0.5726706_44.7868187&locationName=Talence+%2833400%29 | https://trouverunlogement.lescrous.fr/tools/47/search?bounds=-0.7587897_44.8225797_-0.6029478_44.749435&locationName=Pessac+%2833600%29,2026-08-27T07:15:12+01:00,2026-08-27T07:15:12+01:00
2026-08-27T11:57:17+01:00,added,cf584d2491a9268b,RENE MARAN,"Individuel, Colocation, Couple",de 300 à 600 €,300,600,"de 21,3 à 29,8 m²",21.3,29.8,"de 21,3 à 29,8 m² | Individuel, Colocation, Couple | 2 lits rapprochables | WC, Douche, Evier + plaque, Frigo, Micro-onde, Balcon",5 Allée Maine de Biran 33600 PESSAC,https://trouverunlogement.lescrous.fr/tools/47/accommodations/3281,https://trouverunlogement.lescrous.fr/tools/47/search?bounds=-0.7587897_44.8225797_-0.6029478_44.749435&locationName=Pessac+%2833600%29,2026-08-27T11:57:17+01:00,2026-08-27T11:57:17+01:00
2026-08-27T11:57:17+01:00,added,185784ff8337b419,GENERAL,"Individuel, Colocation, Couple","de 351,72 à 703,43 €",351.72,703.43,"39,85 m²",39.85,,"39,85 m² | Individuel, Colocation, Couple | 2 lits rapprochables | Pièce à vivre, WC, Douche, Evier + plaque, Frigo",2 RUE DE BUDOS 33000 BORDEAUX,https://trouverunlogement.lescrous.fr/tools/47/accommodations/449,https://trouverunlogement.lescrous.fr/tools/47/search?bounds=-0.6386987_44.9161806_-0.5336838_44.8107826&locationName=Bordeaux,2026-08-27T11:57:17+01:00,2026-08-27T11:57:17+01:00
2026-08-27T12:54:12+01:00,removed,cf584d2491a9268b,RENE MARAN,"Individuel, Colocation, Couple",de 300 à 600 €,300,600,"de 21,3 à 29,8 m²",21.3,29.8,"de 21,3 à 29,8 m² | Individuel, Colocation, Couple | 2 lits rapprochables | WC, Douche, Evier + plaque, Frigo, Micro-onde, Balcon",5 Allée Maine de Biran 33600 PESSAC,https://trouverunlogement.lescrous.fr/tools/47/accommodations/3281,https://trouverunlogement.lescrous.fr/tools/47/search?bounds=-0.7587897_44.8225797_-0.6029478_44.749435&locationName=Pessac+%2833600%29,2026-08-27T11:57:17+01:00,2026-08-27T11:57:17+01:00
2026-08-27T14:00:23+01:00,removed,185784ff8337b419,GENERAL,"Individuel, Colocation, Couple","de 351,72 à 703,43 €",351.72,703.43,"39,85 m²",39.85,,"39,85 m² | Individuel, Colocation, Couple | 2 lits rapprochables | Pièce à vivre, WC, Douche, Evier + plaque, Frigo",2 RUE DE BUDOS 33000 BORDEAUX,https://trouverunlogement.lescrous.fr/tools/47/accommodations/449,https://trouverunlogement.lescrous.fr/tools/47/search?bounds=-0.6386987_44.9161806_-0.5336838_44.8107826&locationName=Bordeaux,2026-08-27T11:57:17+01:00,2026-08-27T11:57:17+01:00
2026-08-28T01:00:20+01:00,removed,d02afb18742976e9,FONTBELLEAU,Individuel,390 €,390,,"de 18,4 à 19,2 m²",18.4,19.2,"de 18,4 à 19,2 m² | Individuel | 1 lit simple | WC, Douche, Evier + plaque, Frigo",717 Avenue de PARIS 33310 LORMONT,https://trouverunlogement.lescrous.fr/tools/47/accommodations/3248,https://trouverunlogement.lescrous.fr/tools/47/search?bounds=-0.5413769_44.8891965_-0.493982_44.8605289&locationName=Lormont+%2833310%29,2026-08-27T01:03:16+01:00,2026-08-27T01:03:16+01:00
2026-08-28T01:03:17+01:00,added,d02afb18742976e9,FONTBELLEAU,Individuel,390 €,390,,"de 18,4 à 19,2 m²",18.4,19.2,"de 18,4 à 19,2 m² | Individuel | 1 lit simple | WC, Douche, Evier + plaque, Frigo",717 Avenue de PARIS 33310 LORMONT,https://trouverunlogement.lescrous.fr/tools/47/accommodations/3248,https://trouverunlogement.lescrous.fr/tools/47/search?bounds=-0.5413769_44.8891965_-0.493982_44.8605289&locationName=Lormont+%2833310%29,2026-08-28T01:03:17+01:00,2026-08-28T01:03:17+01:00
2026-08-28T07:33:19+01:00,added,3de603977ff978d4,PIERRE ET MARIE CURIE,Individuel,"392,93 €",392.93,,"de 16 à 17,99 m²",16,17.99,"de 16 à 17,99 m² | Individuel | 1 lit simple | WC, Douche, Evier + plaque, Frigo",10 AV PREVOST 33400 TALENCE,https://trouverunlogement.lescrous.fr/tools/47/accommodations/546,https://trouverunlogement.lescrous.fr/tools/47/search?bounds=-0.6111634_44.8252468_-0.5726706_44.7868187&locationName=Talence+%2833400%29,2026-08-28T07:33:19+01:00,2026-08-28T07:33:19+01:00
2026-08-28T08:24:15+01:00,removed,3de603977ff978d4,PIERRE ET MARIE CURIE,Individuel,"392,93 €",392.93,,"de 16 à 17,99 m²",16,17.99,"de 16 à 17,99 m² | Individuel | 1 lit simple | WC, Douche, Evier + plaque, Frigo",10 AV PREVOST 33400 TALENCE,https://trouverunlogement.lescrous.fr/tools/47/accommodations/546,https://trouverunlogement.lescrous.fr/tools/47/search?bounds=-0.6111634_44.8252468_-0.5726706_44.7868187&locationName=Talence+%2833400%29,2026-08-28T07:33:19+01:00,2026-08-28T07:33:19+01:00
2026-08-28T12:39:20+01:00,added,2eaf504070036322,BASTIDE,Individuel,"389,29 €",389.29,,"de 14,5 à 20,79 m²",14.5,20.79,"de 14,5 à 20,79 m² | Individuel | 1 lit simple | WC, Douche, Evier + plaque, Frigo",29 av ABADIE 33100 BORDEAUX,https://trouverunlogement.lescrous.fr/tools/47/accommodations/341,https://trouverunlogement.lescrous.fr/tools/47/search?bounds=-0.6386987_44.9161806_-0.5336838_44.8107826&locationName=Bordeaux,2026-08-28T12:39:20+01:00,2026-08-28T12:39:20+01:00
2026-08-28T13:06:15+01:00,removed,2eaf504070036322,BASTIDE,Individuel,"389,29 €",389.29,,"de 14,5 à 20,79 m²",14.5,20.79,"de 14,5 à 20,79 m² | Individuel | 1 lit simple | WC, Douche, Evier + plaque, Frigo",29 av ABADIE 33100 BORDEAUX,https://trouverunlogement.lescrous.fr/tools/47/accommodations/341,https://trouverunlogement.lescrous.fr/tools/47/search?bounds=-0.6386987_44.9161806_-0.5336838_44.8107826&locationName=Bordeaux,2026-08-28T12:39:20+01:00,2026-08-28T12:39:20+01:00
2026-08-30T01:00:23+01:00,removed,d02afb18742976e9,FONTBELLEAU,Individuel,390 €,390,,"de 18,4 à 19,2 m²",18.4,19.2,"de 18,4 à 19,2 m² | Individuel | 1 lit simple | WC, Douche, Evier + plaque, Frigo",717 Avenue de PARIS 33310 LORMONT,https://trouverunlogement.lescrous.fr/tools/47/accommodations/3248,https://trouverunlogement.lescrous.fr/tools/47/search?bounds=-0.5413769_44.8891965_-0.493982_44.8605289&locationName=Lormont+%2833310%29,2026-08-28T01:03:17+01:00,2026-08-28T01:03:17+01:00
2026-08-30T01:03:18+01:00,added,d02afb18742976e9,FONTBELLEAU,Individuel,390 €,390,,"de 18,4 à 19,2 m²",18.4,19.2,"de 18,4 à 19,2 m² | Individuel | 1 lit simple | WC, Douche, Evier + plaque, Frigo",717 Avenue de PARIS 33310 LORMONT,https://trouverunlogement.lescrous.fr/tools/47/accommodations/3248,https://trouverunlogement.lescrous.fr/tools/47/search?bounds=-0.5413769_44.8891965_-0.493982_44.8605289&locationName=Lormont+%2833310%29,2026-08-30T01:03:18+01:00,2026-08-30T01:03:18+01:00
2026-08-31T09:24:17+01:00,added,2de9cd42059c7322,VILLAGE 3,Individuel,264 €,264,,9 m²,9,,"9 m² | Individuel | 1 lit simple | WC, Douche, Frigo",9 Esplanade des Antilles 33600 PESSAC,https://trouverunlogement.lescrous.fr/tools/47/accommodations/2249,https://trouverunlogement.lescrous.fr/tools/47/search?bounds=-0.7587897_44.8225797_-0.6029478_44.749435&locationName=Pessac+%2833600%29,2026-08-31T09:24:17+01:00,2026-08-31T09:24:17+01:00
2026-08-31T11:09:19+01:00,removed,2de9cd42059c7322,VILLAGE 3,Individuel,264 €,264,,9 m²,9,,"9 m² | Individuel | 1 lit simple | WC, Douche, Frigo",9 Esplanade des Antilles 33600 PESSAC,https://trouverunlogement.lescrous.fr/tools/47/accommodations/2249,https://trouverunlogement.lescrous.fr/tools/47/search?bounds=-0.7587897_44.8225797_-0.6029478_44.749435&locationName=Pessac+%2833600%29,2026-08-31T09:24:17+01:00,2026-08-31T09:24:17+01:00
2026-08-31T11:33:19+01:00,added,1137ce31aec2e81b,VILLAGE 1,Individuel,264 €,264,,"de 9,1 à 12,7 m²",9.1,12.7,"de 9,1 à 12,7 m² | Individuel | 1 lit simple | WC, Douche, Evier + plaque, Frigo",AVENUE COLLEGNO 33400 TALENCE,https://trouverunlogement.lescrous.fr/tools/47/accommodations/1660,https://trouverunlogement.lescrous.fr/tools/47/search?bounds=-0.6111634_44.8252468_-0.5726706_44.7868187&locationName=Talence+%2833400%29 | https://trouverunlogement.lescrous.fr/tools/47/search?bounds=-0.7587897_44.8225797_-0.6029478_44.749435&locationName=Pessac+%2833600%29,2026-08-31T11:33:19+01:00,2026-08-31T11:33:19+01:00
2026-08-31T11:39:18+01:00,removed,1137ce31aec2e81b,VILLAGE 1,Individuel,264 €,264,,"de 9,1 à 12,7 m²",9.1,12.7,"de 9,1 à 12,7 m² | Individuel | 1 lit simple | WC, Douche, Evier + plaque, Frigo",AVENUE COLLEGNO 33400 TALENCE,https://trouverunlogement.lescrous.fr/tools/47/accommodations/1660,https://trouverunlogement.lescrous.fr/tools/47/search?bounds=-0.6111634_44.8252468_-0.5726706_44.7868187&locationName=Talence+%2833400%29 | https://trouverunlogement.lescrous.fr/tools/47/search?bounds=-0.7587897_44.8225797_-0.6029478_44.749435&locationName=Pessac+%2833600%29,2026-08-31T11:33:19+01:00,2026-08-31T11:33:19+01:00
2026-09-01T01:00:19+01:00,removed,d02afb18742976e9,FONTBELLEAU,Individuel,390 €,390,,"de 18,4 à 19,2 m²",18.4,19.2,"de 18,4 à 19,2 m² | Individuel | 1 lit simple | WC, Douche, Evier + plaque, Frigo",717 Avenue de PARIS 33310 LORMONT,https://trouverunlogement.lescrous.fr/tools/47/accommodations/3248,https://trouverunlogement.lescrous.fr/tools/47/search?bounds=-0.5413769_44.8891965_-0.493982_44.8605289&locationName=Lormont+%2833310%29,2026-08-30T01:03:18+01:00,2026-08-30T01:03:18+01:00
2026-09-01T01:03:16+01:00,added,d02afb18742976e9,FONTBELLEAU,Individuel,390 €,390,,"de 18,4 à 19,2 m²",18.4,19.2,"de 18,4 à 19,2 m² | Individuel | 1 lit simple | WC, Douche, Evier + plaque, Frigo",717 Avenue de PARIS 33310 LORMONT,https://trouverunlogement.lescrous.fr/tools/47/accommodations/3248,https://trouverunlogement.lescrous.fr/tools/47/search?bounds=-0.5413769_44.8891965_-0.493982_44.8605289&locationName=Lormont+%2833310%29,2026-09-01T01:03:16+01:00,2026-09-01T01:03:16+01:00
2026-09-02T01:00:19+01:00,removed,d02afb18742976e9,FONTBELLEAU,Individuel,390 €,390,,"de 18,4 à 19,2 m²",18.4,19.2,"de 18,4 à 19,2 m² | Individuel | 1 lit simple | WC, Douche, Evier + plaque, Frigo",717 Avenue de PARIS 33310 LORMONT,https://trouverunlogement.lescrous.fr/tools/47/accommodations/3248,https://trouverunlogement.lescrous.fr/tools/47/search?bounds=-0.5413769_44.8891965_-0.493982_44.8605289&locationName=Lormont+%2833310%29,2026-09-01T01:03:16+01:00,2026-09-01T01:03:16+01:00
2026-09-02T01:03:17+01:00,added,d02afb18742976e9,FONTBELLEAU,Individuel,390 €,390,,"de 18,4 à 19,2 m²",18.4,19.2,"de 18,4 à 19,2 m² | Individuel | 1 lit simple | WC, Douche, Evier + plaque, Frigo",717 Avenue de PARIS 33310 LORMONT,https://trouverunlogement.lescrous.fr/tools/47/accommodations/3248,https://trouverunlogement.lescrous.fr/tools/47/search?bounds=-0.5413769_44.8891965_-0.493982_44.8605289&locationName=Lormont+%2833310%29,2026-09-02T01:03:17+01:00,2026-09-02T01:03:17+01:00
2026-09-03T01:00:18+01:00,removed,d02afb18742976e9,FONTBELLEAU,Individuel,390 €,390,,"de 18,4 à 19,2 m²",18.4,19.2,"de 18,4 à 19,2 m² | Individuel | 1 lit simple | WC, Douche, Evier + plaque, Frigo",717 Avenue de PARIS 33310 LORMONT,https://trouverunlogement.lescrous.fr/tools/47/accommodations/3248,https://trouverunlogement.lescrous.fr/tools/47/search?bounds=-0.5413769_44.8891965_-0.493982_44.8605289&locationName=Lormont+%2833310%29,2026-09-02T01:03:17+01:00,2026-09-02T01:03:17+01:00
2026-09-03T01:03:15+01:00,added,d02afb18742976e9,FONTBELLEAU,Individuel,390 €,390,,"de 18,4 à 19,2 m²",18.4,19.2,"de 18,4 à 19,2 m² | Individuel | 1 lit simple | WC, Douche, Evier + plaque, Frigo",717 Avenue de PARIS 33310 LORMONT,https://trouverunlogement.lescrous.fr/tools/47/accommodations/3248,https://trouverunlogement.lescrous.fr/tools/47/search?bounds=-0.5413769_44.8891965_-0.493982_44.8605289&locationName=Lormont+%2833310%29,2026-09-03T01:03:15+01:00,2026-09-03T01:03:15+01:00
2026-09-03T08:45:15+01:00,added,c45cfe49198945bd,BASTIDE,Colocation,"308,72 €",308.72,,"de 29,7 à 51,68 m²",29.7,51.68,"de 29,7 à 51,68 m² | Colocation | 2 lits rapprochables | Pièce à vivre, WC, Douche, Evier + plaque, Frigo",29 av ABADIE 33100 BORDEAUX,https://trouverunlogement.lescrous.fr/tools/47/accommodations/351,https://trouverunlogement.lescrous.fr/tools/47/search?bounds=-0.6386987_44.9161806_-0.5336838_44.8107826&locationName=Bordeaux,2026-09-03T08:45:15+01:00,2026-09-03T08:45:15+01:00
2026-09-03T09:03:17+01:00,added,5848c80ed5320a6d,LUMIERES,Individuel,"458,56 €",458.56,,"de 20,18 à 26,52 m²",20.18,26.52,"de 20,18 à 26,52 m² | Individuel | 1 lit simple | WC, Douche, Evier + plaque, Frigo",2 avenue Jean Babin 33600 PESSAC,https://trouverunlogement.lescrous.fr/tools/47/accommodations/569,https://trouverunlogement.lescrous.fr/tools/47/search?bounds=-0.6471483_44.7938687_-0.5854508_44.7423986&locationName=Gradignan+%2833170%29 | https://trouverunlogement.lescrous.fr/tools/47/search?bounds=-0.7587897_44.8225797_-0.6029478_44.749435&locationName=Pessac+%2833600%29,2026-09-03T09:03:17+01:00,2026-09-03T09:03:17+01:00
2026-09-03T09:09:17+01:00,added,fc5ccda10398dabc,TAUZIN,Individuel,"460,49 €",460.49,,"21,77 m²",21.77,,"21,77 m² | Individuel | 1 lit simple | WC, Douche, Evier + plaque, Frigo",32 - 36 CHEMIN DE POMEROL 33000 BORDEAUX,https://trouverunlogement.lescrous.fr/tools/47/accommodations/1606,https://trouverunlogement.lescrous.fr/tools/47/search?bounds=-0.6111634_44.8252468_-0.5726706_44.7868187&locationName=Talence+%2833400%29 | https://trouverunlogement.lescrous.fr/tools/47/search?bounds=-0.6386987_44.9161806_-0.5336838_44.8107826&locationName=Bordeaux,2026-09-03T09:09:17+01:00,2026-09-03T09:09:17+01:00
2026-09-03T09:30:23+01:00,removed,c45cfe49198945bd,BASTIDE,Colocation,"308,72 €",308.72,,"de 29,7 à 51,68 m²",29.7,51.68,"de 29,7 à 51,68 m² | Colocation | 2 lits rapprochables | Pièce à vivre, WC, Douche, Evier + plaque, Frigo",29 av ABADIE 33100 BORDEAUX,https://trouverunlogement.lescrous.fr/tools/47/accommodations/351,https://trouverunlogement.lescrous.fr/tools/47/search?bounds=-0.6386987_44.9161806_-0.5336838_44.8107826&locationName=Bordeaux,2026-09-03T08:45:15+01:00,2026-09-03T08:45:15+01:00
2026-09-03T09:42:16+01:00,removed,5848c80ed5320a6d,LUMIERES,Individuel,"458,56 €",458.56,,"de 20,18 à 26,52 m²",20.18,26.52,"de 20,18 à 26,52 m² | Individuel | 1 lit simple | WC, Douche, Evier + plaque, Frigo",2 avenue Jean Babin 33600 PESSAC,https://trouverunlogement.lescrous.fr/tools/47/accommodations/569,https://trouverunlogement.lescrous.fr/tools/47/search?bounds=-0.6471483_44.7938687_-0.5854508_44.7423986&locationName=Gradignan+%2833170%29 | https://trouverunlogement.lescrous.fr/tools/47/search?bounds=-0.7587897_44.8225797_-0.6029478_44.749435&locationName=Pessac+%2833600%29,2026-09-03T09:03:17+01:00,2026-09-03T09:03:17+01:00
2026-09-03T09:42:16+01:00,removed,fc5ccda10398dabc,TAUZIN,Individuel,"460,49 €",460.49,,"21,77 m²",21.77,,"21,77 m² | Individuel | 1 lit simple | WC, Douche, Evier + plaque, Frigo",32 - 36 CHEMIN DE POMEROL 33000 BORDEAUX,https://trouverunlogement.lescrous.fr/tools/47/accommodations/1606,https://trouverunlogement.lescrous.fr/tools/47/search?bounds=-0.6111634_44.8252468_-0.5726706_44.7868187&locationName=Talence+%2833400%29 | https://trouverunlogement.lescrous.fr/tools/47/search?bounds=-0.6386987_44.9161806_-0.5336838_44.8107826&locationName=Bordeaux,2026-09-03T09:09:17+01:00,2026-09-03T09:09:17+01:00
2026-09-03T09:45:15+01:00,added,604496230ddbf2ab,BOETIE,Individuel,"410,99 €",410.99,,"19,2 m²",19.2,,"19,2 m² | Individuel | 1 lit simple | WC, Douche, Evier + plaque, Frigo",57 RUE SAINT JAMES 33000 bordeaux,https://trouverunlogement.lescrous.fr/tools/47/accommodations/224,https://trouverunlogement.lescrous.fr/tools/47/search?bounds=-0.6386987_44.9161806_-0.5336838_44.8107826&locationName=Bordeaux,2026-09-03T09:45:15+01:00,2026-09-03T09:45:15+01:00
2026-09-03T10:09:18+01:00,removed,604496230ddbf2ab,BOETIE,Individuel,"410,99 €",410.99,,"19,2 m²",19.2,,"19,2 m² | Individuel | 1 lit simple | WC, Douche, Evier + plaque, Frigo",57 RUE SAINT JAMES 33000 bordeaux,https://trouverunlogement.lescrous.fr/tools/47/accommodations/224,https://trouverunlogement.lescrous.fr/tools/47/search?bounds=-0.6386987_44.9161806_-0.5336838_44.8107826&locationName=Bordeaux,2026-09-03T09:45:15+01:00,2026-09-03T09:45:15+01:00
